[01-May-2025 04:10:12 Asia/Riyadh] PHP Warning:  ini_set(): Session ini settings cannot be changed when a session is active in C:\xampp\htdocs\dashboard\book_store\includes\config.php on line 249
[01-May-2025 04:10:12 Asia/Riyadh] PHP Warning:  ini_set(): Session ini settings cannot be changed when a session is active in C:\xampp\htdocs\dashboard\book_store\includes\config.php on line 250
[01-May-2025 04:10:12 Asia/Riyadh] PHP Warning:  ini_set(): Session ini settings cannot be changed when a session is active in C:\xampp\htdocs\dashboard\book_store\includes\config.php on line 251
[01-May-2025 04:10:12 Asia/Riyadh] PHP Warning:  ini_set(): Session ini settings cannot be changed when a session is active in C:\xampp\htdocs\dashboard\book_store\includes\config.php on line 252
[01-May-2025 04:10:12 Asia/Riyadh] PHP Warning:  ini_set(): Session ini settings cannot be changed when a session is active in C:\xampp\htdocs\dashboard\book_store\includes\config.php on line 253
[01-May-2025 04:10:12 Asia/Riyadh] PHP Warning:  session_set_cookie_params(): Session cookie parameters cannot be changed when a session is active in C:\xampp\htdocs\dashboard\book_store\includes\config.php on line 254
[01-May-2025 04:10:12 Asia/Riyadh] PHP Notice:  session_start(): Ignoring session_start() because a session is already active in C:\xampp\htdocs\dashboard\book_store\includes\auth.php on line 97
[01-May-2025 04:10:12 Asia/Riyadh] PHP Warning:  Undefined array key "last_activity" in C:\xampp\htdocs\dashboard\book_store\includes\auth.php on line 64
[01-May-2025 04:10:12 Asia/Riyadh] PHP Warning:  ini_set(): Session ini settings cannot be changed when a session is active in C:\xampp\htdocs\dashboard\book_store\includes\config.php on line 249
[01-May-2025 04:10:12 Asia/Riyadh] PHP Warning:  ini_set(): Session ini settings cannot be changed when a session is active in C:\xampp\htdocs\dashboard\book_store\includes\config.php on line 250
[01-May-2025 04:10:12 Asia/Riyadh] PHP Warning:  ini_set(): Session ini settings cannot be changed when a session is active in C:\xampp\htdocs\dashboard\book_store\includes\config.php on line 251
[01-May-2025 04:10:12 Asia/Riyadh] PHP Warning:  ini_set(): Session ini settings cannot be changed when a session is active in C:\xampp\htdocs\dashboard\book_store\includes\config.php on line 252
[01-May-2025 04:10:12 Asia/Riyadh] PHP Warning:  ini_set(): Session ini settings cannot be changed when a session is active in C:\xampp\htdocs\dashboard\book_store\includes\config.php on line 253
[01-May-2025 04:10:12 Asia/Riyadh] PHP Warning:  session_set_cookie_params(): Session cookie parameters cannot be changed when a session is active in C:\xampp\htdocs\dashboard\book_store\includes\config.php on line 254
[01-May-2025 04:10:12 Asia/Riyadh] PHP Notice:  session_start(): Ignoring session_start() because a session is already active in C:\xampp\htdocs\dashboard\book_store\includes\auth.php on line 97
[01-May-2025 04:10:30 Asia/Riyadh] PHP Warning:  ini_set(): Session ini settings cannot be changed when a session is active in C:\xampp\htdocs\dashboard\book_store\includes\config.php on line 249
[01-May-2025 04:10:30 Asia/Riyadh] PHP Warning:  ini_set(): Session ini settings cannot be changed when a session is active in C:\xampp\htdocs\dashboard\book_store\includes\config.php on line 250
[01-May-2025 04:10:30 Asia/Riyadh] PHP Warning:  ini_set(): Session ini settings cannot be changed when a session is active in C:\xampp\htdocs\dashboard\book_store\includes\config.php on line 251
[01-May-2025 04:10:30 Asia/Riyadh] PHP Warning:  ini_set(): Session ini settings cannot be changed when a session is active in C:\xampp\htdocs\dashboard\book_store\includes\config.php on line 252
[01-May-2025 04:10:30 Asia/Riyadh] PHP Warning:  ini_set(): Session ini settings cannot be changed when a session is active in C:\xampp\htdocs\dashboard\book_store\includes\config.php on line 253
[01-May-2025 04:10:30 Asia/Riyadh] PHP Warning:  session_set_cookie_params(): Session cookie parameters cannot be changed when a session is active in C:\xampp\htdocs\dashboard\book_store\includes\config.php on line 254
[01-May-2025 04:10:30 Asia/Riyadh] PHP Notice:  session_start(): Ignoring session_start() because a session is already active in C:\xampp\htdocs\dashboard\book_store\includes\auth.php on line 97
[01-May-2025 04:10:40 Asia/Riyadh] PHP Warning:  ini_set(): Session ini settings cannot be changed when a session is active in C:\xampp\htdocs\dashboard\book_store\includes\config.php on line 249
[01-May-2025 04:10:40 Asia/Riyadh] PHP Warning:  ini_set(): Session ini settings cannot be changed when a session is active in C:\xampp\htdocs\dashboard\book_store\includes\config.php on line 250
[01-May-2025 04:10:40 Asia/Riyadh] PHP Warning:  ini_set(): Session ini settings cannot be changed when a session is active in C:\xampp\htdocs\dashboard\book_store\includes\config.php on line 251
[01-May-2025 04:10:40 Asia/Riyadh] PHP Warning:  ini_set(): Session ini settings cannot be changed when a session is active in C:\xampp\htdocs\dashboard\book_store\includes\config.php on line 252
[01-May-2025 04:10:40 Asia/Riyadh] PHP Warning:  ini_set(): Session ini settings cannot be changed when a session is active in C:\xampp\htdocs\dashboard\book_store\includes\config.php on line 253
[01-May-2025 04:10:40 Asia/Riyadh] PHP Warning:  session_set_cookie_params(): Session cookie parameters cannot be changed when a session is active in C:\xampp\htdocs\dashboard\book_store\includes\config.php on line 254
[01-May-2025 04:10:40 Asia/Riyadh] PHP Notice:  session_start(): Ignoring session_start() because a session is already active in C:\xampp\htdocs\dashboard\book_store\includes\auth.php on line 97
[01-May-2025 04:11:37 Asia/Riyadh] PHP Warning:  ini_set(): Session ini settings cannot be changed when a session is active in C:\xampp\htdocs\dashboard\book_store\includes\config.php on line 249
[01-May-2025 04:11:37 Asia/Riyadh] PHP Warning:  ini_set(): Session ini settings cannot be changed when a session is active in C:\xampp\htdocs\dashboard\book_store\includes\config.php on line 250
[01-May-2025 04:11:37 Asia/Riyadh] PHP Warning:  ini_set(): Session ini settings cannot be changed when a session is active in C:\xampp\htdocs\dashboard\book_store\includes\config.php on line 251
[01-May-2025 04:11:37 Asia/Riyadh] PHP Warning:  ini_set(): Session ini settings cannot be changed when a session is active in C:\xampp\htdocs\dashboard\book_store\includes\config.php on line 252
[01-May-2025 04:11:37 Asia/Riyadh] PHP Warning:  ini_set(): Session ini settings cannot be changed when a session is active in C:\xampp\htdocs\dashboard\book_store\includes\config.php on line 253
[01-May-2025 04:11:37 Asia/Riyadh] PHP Warning:  session_set_cookie_params(): Session cookie parameters cannot be changed when a session is active in C:\xampp\htdocs\dashboard\book_store\includes\config.php on line 254
[01-May-2025 04:11:37 Asia/Riyadh] PHP Notice:  session_start(): Ignoring session_start() because a session is already active in C:\xampp\htdocs\dashboard\book_store\includes\auth.php on line 97
[01-May-2025 04:15:44 Asia/Riyadh] PHP Warning:  ini_set(): Session ini settings cannot be changed when a session is active in C:\xampp\htdocs\dashboard\book_store\includes\config.php on line 249
[01-May-2025 04:15:44 Asia/Riyadh] PHP Warning:  ini_set(): Session ini settings cannot be changed when a session is active in C:\xampp\htdocs\dashboard\book_store\includes\config.php on line 250
[01-May-2025 04:15:44 Asia/Riyadh] PHP Warning:  ini_set(): Session ini settings cannot be changed when a session is active in C:\xampp\htdocs\dashboard\book_store\includes\config.php on line 251
[01-May-2025 04:15:44 Asia/Riyadh] PHP Warning:  ini_set(): Session ini settings cannot be changed when a session is active in C:\xampp\htdocs\dashboard\book_store\includes\config.php on line 252
[01-May-2025 04:15:44 Asia/Riyadh] PHP Warning:  ini_set(): Session ini settings cannot be changed when a session is active in C:\xampp\htdocs\dashboard\book_store\includes\config.php on line 253
[01-May-2025 04:15:44 Asia/Riyadh] PHP Warning:  session_set_cookie_params(): Session cookie parameters cannot be changed when a session is active in C:\xampp\htdocs\dashboard\book_store\includes\config.php on line 254
[01-May-2025 04:15:44 Asia/Riyadh] PHP Notice:  session_start(): Ignoring session_start() because a session is already active in C:\xampp\htdocs\dashboard\book_store\includes\auth.php on line 97
[01-May-2025 04:15:44 Asia/Riyadh] PHP Warning:  ini_set(): Session ini settings cannot be changed when a session is active in C:\xampp\htdocs\dashboard\book_store\includes\config.php on line 249
[01-May-2025 04:15:44 Asia/Riyadh] PHP Warning:  ini_set(): Session ini settings cannot be changed when a session is active in C:\xampp\htdocs\dashboard\book_store\includes\config.php on line 250
[01-May-2025 04:15:44 Asia/Riyadh] PHP Warning:  ini_set(): Session ini settings cannot be changed when a session is active in C:\xampp\htdocs\dashboard\book_store\includes\config.php on line 251
[01-May-2025 04:15:44 Asia/Riyadh] PHP Warning:  ini_set(): Session ini settings cannot be changed when a session is active in C:\xampp\htdocs\dashboard\book_store\includes\config.php on line 252
[01-May-2025 04:15:44 Asia/Riyadh] PHP Warning:  ini_set(): Session ini settings cannot be changed when a session is active in C:\xampp\htdocs\dashboard\book_store\includes\config.php on line 253
[01-May-2025 04:15:44 Asia/Riyadh] PHP Warning:  session_set_cookie_params(): Session cookie parameters cannot be changed when a session is active in C:\xampp\htdocs\dashboard\book_store\includes\config.php on line 254
[01-May-2025 04:15:44 Asia/Riyadh] PHP Notice:  session_start(): Ignoring session_start() because a session is already active in C:\xampp\htdocs\dashboard\book_store\includes\auth.php on line 97
[01-May-2025 04:15:47 Asia/Riyadh] PHP Warning:  ini_set(): Session ini settings cannot be changed when a session is active in C:\xampp\htdocs\dashboard\book_store\includes\config.php on line 249
[01-May-2025 04:15:47 Asia/Riyadh] PHP Warning:  ini_set(): Session ini settings cannot be changed when a session is active in C:\xampp\htdocs\dashboard\book_store\includes\config.php on line 250
[01-May-2025 04:15:47 Asia/Riyadh] PHP Warning:  ini_set(): Session ini settings cannot be changed when a session is active in C:\xampp\htdocs\dashboard\book_store\includes\config.php on line 251
[01-May-2025 04:15:47 Asia/Riyadh] PHP Warning:  ini_set(): Session ini settings cannot be changed when a session is active in C:\xampp\htdocs\dashboard\book_store\includes\config.php on line 252
[01-May-2025 04:15:47 Asia/Riyadh] PHP Warning:  ini_set(): Session ini settings cannot be changed when a session is active in C:\xampp\htdocs\dashboard\book_store\includes\config.php on line 253
[01-May-2025 04:15:47 Asia/Riyadh] PHP Warning:  session_set_cookie_params(): Session cookie parameters cannot be changed when a session is active in C:\xampp\htdocs\dashboard\book_store\includes\config.php on line 254
[01-May-2025 04:15:47 Asia/Riyadh] PHP Notice:  session_start(): Ignoring session_start() because a session is already active in C:\xampp\htdocs\dashboard\book_store\includes\auth.php on line 97
[01-May-2025 04:15:47 Asia/Riyadh] PHP Warning:  Undefined array key "author" in C:\xampp\htdocs\dashboard\book_store\admin\books.php on line 91
[01-May-2025 04:15:47 Asia/Riyadh] PHP Warning:  Undefined array key "publication_year" in C:\xampp\htdocs\dashboard\book_store\admin\books.php on line 92
[01-May-2025 04:15:47 Asia/Riyadh] PHP Warning:  Undefined array key "pages" in C:\xampp\htdocs\dashboard\book_store\admin\books.php on line 93
[01-May-2025 04:15:47 Asia/Riyadh] PHP Warning:  Undefined array key "author" in C:\xampp\htdocs\dashboard\book_store\admin\books.php on line 91
[01-May-2025 04:15:47 Asia/Riyadh] PHP Warning:  Undefined array key "publication_year" in C:\xampp\htdocs\dashboard\book_store\admin\books.php on line 92
[01-May-2025 04:15:47 Asia/Riyadh] PHP Warning:  Undefined array key "pages" in C:\xampp\htdocs\dashboard\book_store\admin\books.php on line 93
[01-May-2025 04:15:47 Asia/Riyadh] PHP Warning:  Undefined array key "author" in C:\xampp\htdocs\dashboard\book_store\admin\books.php on line 91
[01-May-2025 04:15:47 Asia/Riyadh] PHP Warning:  Undefined array key "publication_year" in C:\xampp\htdocs\dashboard\book_store\admin\books.php on line 92
[01-May-2025 04:15:47 Asia/Riyadh] PHP Warning:  Undefined array key "pages" in C:\xampp\htdocs\dashboard\book_store\admin\books.php on line 93
[01-May-2025 04:15:47 Asia/Riyadh] PHP Warning:  Undefined array key "author" in C:\xampp\htdocs\dashboard\book_store\admin\books.php on line 91
[01-May-2025 04:15:47 Asia/Riyadh] PHP Warning:  Undefined array key "publication_year" in C:\xampp\htdocs\dashboard\book_store\admin\books.php on line 92
[01-May-2025 04:15:47 Asia/Riyadh] PHP Warning:  Undefined array key "pages" in C:\xampp\htdocs\dashboard\book_store\admin\books.php on line 93
[01-May-2025 04:15:47 Asia/Riyadh] PHP Warning:  Undefined array key "author" in C:\xampp\htdocs\dashboard\book_store\admin\books.php on line 91
[01-May-2025 04:15:47 Asia/Riyadh] PHP Warning:  Undefined array key "publication_year" in C:\xampp\htdocs\dashboard\book_store\admin\books.php on line 92
[01-May-2025 04:15:47 Asia/Riyadh] PHP Warning:  Undefined array key "pages" in C:\xampp\htdocs\dashboard\book_store\admin\books.php on line 93
[01-May-2025 04:15:47 Asia/Riyadh] PHP Warning:  Undefined array key "author" in C:\xampp\htdocs\dashboard\book_store\admin\books.php on line 91
[01-May-2025 04:15:47 Asia/Riyadh] PHP Warning:  Undefined array key "publication_year" in C:\xampp\htdocs\dashboard\book_store\admin\books.php on line 92
[01-May-2025 04:15:47 Asia/Riyadh] PHP Warning:  Undefined array key "pages" in C:\xampp\htdocs\dashboard\book_store\admin\books.php on line 93
[01-May-2025 04:15:47 Asia/Riyadh] PHP Warning:  Undefined array key "author" in C:\xampp\htdocs\dashboard\book_store\admin\books.php on line 91
[01-May-2025 04:15:47 Asia/Riyadh] PHP Warning:  Undefined array key "publication_year" in C:\xampp\htdocs\dashboard\book_store\admin\books.php on line 92
[01-May-2025 04:15:47 Asia/Riyadh] PHP Warning:  Undefined array key "pages" in C:\xampp\htdocs\dashboard\book_store\admin\books.php on line 93
[01-May-2025 04:15:47 Asia/Riyadh] PHP Warning:  Undefined array key "author" in C:\xampp\htdocs\dashboard\book_store\admin\books.php on line 91
[01-May-2025 04:15:47 Asia/Riyadh] PHP Warning:  Undefined array key "publication_year" in C:\xampp\htdocs\dashboard\book_store\admin\books.php on line 92
[01-May-2025 04:15:47 Asia/Riyadh] PHP Warning:  Undefined array key "pages" in C:\xampp\htdocs\dashboard\book_store\admin\books.php on line 93
[01-May-2025 04:15:48 Asia/Riyadh] PHP Warning:  ini_set(): Session ini settings cannot be changed when a session is active in C:\xampp\htdocs\dashboard\book_store\includes\config.php on line 249
[01-May-2025 04:15:48 Asia/Riyadh] PHP Warning:  ini_set(): Session ini settings cannot be changed when a session is active in C:\xampp\htdocs\dashboard\book_store\includes\config.php on line 250
[01-May-2025 04:15:48 Asia/Riyadh] PHP Warning:  ini_set(): Session ini settings cannot be changed when a session is active in C:\xampp\htdocs\dashboard\book_store\includes\config.php on line 251
[01-May-2025 04:15:48 Asia/Riyadh] PHP Warning:  ini_set(): Session ini settings cannot be changed when a session is active in C:\xampp\htdocs\dashboard\book_store\includes\config.php on line 252
[01-May-2025 04:15:48 Asia/Riyadh] PHP Warning:  ini_set(): Session ini settings cannot be changed when a session is active in C:\xampp\htdocs\dashboard\book_store\includes\config.php on line 253
[01-May-2025 04:15:48 Asia/Riyadh] PHP Warning:  session_set_cookie_params(): Session cookie parameters cannot be changed when a session is active in C:\xampp\htdocs\dashboard\book_store\includes\config.php on line 254
[01-May-2025 04:15:48 Asia/Riyadh] PHP Notice:  session_start(): Ignoring session_start() because a session is already active in C:\xampp\htdocs\dashboard\book_store\includes\auth.php on line 97
[01-May-2025 04:15:49 Asia/Riyadh] PHP Warning:  ini_set(): Session ini settings cannot be changed when a session is active in C:\xampp\htdocs\dashboard\book_store\includes\config.php on line 249
[01-May-2025 04:15:49 Asia/Riyadh] PHP Warning:  ini_set(): Session ini settings cannot be changed when a session is active in C:\xampp\htdocs\dashboard\book_store\includes\config.php on line 250
[01-May-2025 04:15:49 Asia/Riyadh] PHP Warning:  ini_set(): Session ini settings cannot be changed when a session is active in C:\xampp\htdocs\dashboard\book_store\includes\config.php on line 251
[01-May-2025 04:15:49 Asia/Riyadh] PHP Warning:  ini_set(): Session ini settings cannot be changed when a session is active in C:\xampp\htdocs\dashboard\book_store\includes\config.php on line 252
[01-May-2025 04:15:49 Asia/Riyadh] PHP Warning:  ini_set(): Session ini settings cannot be changed when a session is active in C:\xampp\htdocs\dashboard\book_store\includes\config.php on line 253
[01-May-2025 04:15:49 Asia/Riyadh] PHP Warning:  session_set_cookie_params(): Session cookie parameters cannot be changed when a session is active in C:\xampp\htdocs\dashboard\book_store\includes\config.php on line 254
[01-May-2025 04:15:49 Asia/Riyadh] PHP Notice:  session_start(): Ignoring session_start() because a session is already active in C:\xampp\htdocs\dashboard\book_store\includes\auth.php on line 97
[01-May-2025 04:15:49 Asia/Riyadh] PHP Deprecated:  htmlspecialchars(): Passing null to parameter #1 ($string) of type string is deprecated in C:\xampp\htdocs\dashboard\book_store\admin\settings.php on line 263
[01-May-2025 04:15:49 Asia/Riyadh] PHP Deprecated:  htmlspecialchars(): Passing null to parameter #1 ($string) of type string is deprecated in C:\xampp\htdocs\dashboard\book_store\admin\settings.php on line 269
[01-May-2025 04:15:49 Asia/Riyadh] PHP Deprecated:  htmlspecialchars(): Passing null to parameter #1 ($string) of type string is deprecated in C:\xampp\htdocs\dashboard\book_store\admin\settings.php on line 275
[01-May-2025 04:15:50 Asia/Riyadh] PHP Warning:  ini_set(): Session ini settings cannot be changed when a session is active in C:\xampp\htdocs\dashboard\book_store\includes\config.php on line 249
[01-May-2025 04:15:50 Asia/Riyadh] PHP Warning:  ini_set(): Session ini settings cannot be changed when a session is active in C:\xampp\htdocs\dashboard\book_store\includes\config.php on line 250
[01-May-2025 04:15:50 Asia/Riyadh] PHP Warning:  ini_set(): Session ini settings cannot be changed when a session is active in C:\xampp\htdocs\dashboard\book_store\includes\config.php on line 251
[01-May-2025 04:15:50 Asia/Riyadh] PHP Warning:  ini_set(): Session ini settings cannot be changed when a session is active in C:\xampp\htdocs\dashboard\book_store\includes\config.php on line 252
[01-May-2025 04:15:50 Asia/Riyadh] PHP Warning:  ini_set(): Session ini settings cannot be changed when a session is active in C:\xampp\htdocs\dashboard\book_store\includes\config.php on line 253
[01-May-2025 04:15:50 Asia/Riyadh] PHP Warning:  session_set_cookie_params(): Session cookie parameters cannot be changed when a session is active in C:\xampp\htdocs\dashboard\book_store\includes\config.php on line 254
[01-May-2025 04:15:50 Asia/Riyadh] PHP Notice:  session_start(): Ignoring session_start() because a session is already active in C:\xampp\htdocs\dashboard\book_store\includes\auth.php on line 97
[01-May-2025 04:29:29 Asia/Riyadh] PHP Warning:  ini_set(): Session ini settings cannot be changed when a session is active in C:\xampp\htdocs\dashboard\book_store\includes\config.php on line 249
[01-May-2025 04:29:29 Asia/Riyadh] PHP Warning:  ini_set(): Session ini settings cannot be changed when a session is active in C:\xampp\htdocs\dashboard\book_store\includes\config.php on line 250
[01-May-2025 04:29:29 Asia/Riyadh] PHP Warning:  ini_set(): Session ini settings cannot be changed when a session is active in C:\xampp\htdocs\dashboard\book_store\includes\config.php on line 251
[01-May-2025 04:29:29 Asia/Riyadh] PHP Warning:  ini_set(): Session ini settings cannot be changed when a session is active in C:\xampp\htdocs\dashboard\book_store\includes\config.php on line 252
[01-May-2025 04:29:29 Asia/Riyadh] PHP Warning:  ini_set(): Session ini settings cannot be changed when a session is active in C:\xampp\htdocs\dashboard\book_store\includes\config.php on line 253
[01-May-2025 04:29:29 Asia/Riyadh] PHP Warning:  session_set_cookie_params(): Session cookie parameters cannot be changed when a session is active in C:\xampp\htdocs\dashboard\book_store\includes\config.php on line 254
[01-May-2025 04:29:29 Asia/Riyadh] PHP Warning:  Undefined array key "items_per_page" in C:\xampp\htdocs\dashboard\book_store\index.php on line 17
[01-May-2025 04:29:29 Asia/Riyadh] PHP Fatal error:  Uncaught mysqli_sql_exception: Table 'book_store.authors' doesn't exist in C:\xampp\htdocs\dashboard\book_store\includes\functions.php:194
Stack trace:
#0 C:\xampp\htdocs\dashboard\book_store\includes\functions.php(194): mysqli->prepare('SELECT b.*, a.n...')
#1 C:\xampp\htdocs\dashboard\book_store\index.php(31): get_books(Array, NULL, 0)
#2 {main}
  thrown in C:\xampp\htdocs\dashboard\book_store\includes\functions.php on line 194
[01-May-2025 04:30:00 Asia/Riyadh] PHP Warning:  ini_set(): Session ini settings cannot be changed when a session is active in C:\xampp\htdocs\dashboard\book_store\includes\config.php on line 249
[01-May-2025 04:30:00 Asia/Riyadh] PHP Warning:  ini_set(): Session ini settings cannot be changed when a session is active in C:\xampp\htdocs\dashboard\book_store\includes\config.php on line 250
[01-May-2025 04:30:00 Asia/Riyadh] PHP Warning:  ini_set(): Session ini settings cannot be changed when a session is active in C:\xampp\htdocs\dashboard\book_store\includes\config.php on line 251
[01-May-2025 04:30:00 Asia/Riyadh] PHP Warning:  ini_set(): Session ini settings cannot be changed when a session is active in C:\xampp\htdocs\dashboard\book_store\includes\config.php on line 252
[01-May-2025 04:30:00 Asia/Riyadh] PHP Warning:  ini_set(): Session ini settings cannot be changed when a session is active in C:\xampp\htdocs\dashboard\book_store\includes\config.php on line 253
[01-May-2025 04:30:00 Asia/Riyadh] PHP Warning:  session_set_cookie_params(): Session cookie parameters cannot be changed when a session is active in C:\xampp\htdocs\dashboard\book_store\includes\config.php on line 254
[01-May-2025 04:30:00 Asia/Riyadh] PHP Warning:  Undefined array key "items_per_page" in C:\xampp\htdocs\dashboard\book_store\index.php on line 17
[01-May-2025 04:30:00 Asia/Riyadh] PHP Fatal error:  Uncaught mysqli_sql_exception: Table 'book_store.authors' doesn't exist in C:\xampp\htdocs\dashboard\book_store\includes\functions.php:194
Stack trace:
#0 C:\xampp\htdocs\dashboard\book_store\includes\functions.php(194): mysqli->prepare('SELECT b.*, a.n...')
#1 C:\xampp\htdocs\dashboard\book_store\index.php(31): get_books(Array, NULL, 0)
#2 {main}
  thrown in C:\xampp\htdocs\dashboard\book_store\includes\functions.php on line 194
[01-May-2025 04:30:01 Asia/Riyadh] PHP Warning:  ini_set(): Session ini settings cannot be changed when a session is active in C:\xampp\htdocs\dashboard\book_store\includes\config.php on line 249
[01-May-2025 04:30:01 Asia/Riyadh] PHP Warning:  ini_set(): Session ini settings cannot be changed when a session is active in C:\xampp\htdocs\dashboard\book_store\includes\config.php on line 250
[01-May-2025 04:30:01 Asia/Riyadh] PHP Warning:  ini_set(): Session ini settings cannot be changed when a session is active in C:\xampp\htdocs\dashboard\book_store\includes\config.php on line 251
[01-May-2025 04:30:01 Asia/Riyadh] PHP Warning:  ini_set(): Session ini settings cannot be changed when a session is active in C:\xampp\htdocs\dashboard\book_store\includes\config.php on line 252
[01-May-2025 04:30:01 Asia/Riyadh] PHP Warning:  ini_set(): Session ini settings cannot be changed when a session is active in C:\xampp\htdocs\dashboard\book_store\includes\config.php on line 253
[01-May-2025 04:30:01 Asia/Riyadh] PHP Warning:  session_set_cookie_params(): Session cookie parameters cannot be changed when a session is active in C:\xampp\htdocs\dashboard\book_store\includes\config.php on line 254
[01-May-2025 04:30:01 Asia/Riyadh] PHP Warning:  Undefined array key "items_per_page" in C:\xampp\htdocs\dashboard\book_store\index.php on line 17
[01-May-2025 04:30:01 Asia/Riyadh] PHP Fatal error:  Uncaught mysqli_sql_exception: Table 'book_store.authors' doesn't exist in C:\xampp\htdocs\dashboard\book_store\includes\functions.php:194
Stack trace:
#0 C:\xampp\htdocs\dashboard\book_store\includes\functions.php(194): mysqli->prepare('SELECT b.*, a.n...')
#1 C:\xampp\htdocs\dashboard\book_store\index.php(31): get_books(Array, NULL, 0)
#2 {main}
  thrown in C:\xampp\htdocs\dashboard\book_store\includes\functions.php on line 194
[01-May-2025 04:33:00 Asia/Riyadh] PHP Warning:  ini_set(): Session ini settings cannot be changed when a session is active in C:\xampp\htdocs\dashboard\book_store\includes\config.php on line 249
[01-May-2025 04:33:00 Asia/Riyadh] PHP Warning:  ini_set(): Session ini settings cannot be changed when a session is active in C:\xampp\htdocs\dashboard\book_store\includes\config.php on line 250
[01-May-2025 04:33:00 Asia/Riyadh] PHP Warning:  ini_set(): Session ini settings cannot be changed when a session is active in C:\xampp\htdocs\dashboard\book_store\includes\config.php on line 251
[01-May-2025 04:33:00 Asia/Riyadh] PHP Warning:  ini_set(): Session ini settings cannot be changed when a session is active in C:\xampp\htdocs\dashboard\book_store\includes\config.php on line 252
[01-May-2025 04:33:00 Asia/Riyadh] PHP Warning:  ini_set(): Session ini settings cannot be changed when a session is active in C:\xampp\htdocs\dashboard\book_store\includes\config.php on line 253
[01-May-2025 04:33:00 Asia/Riyadh] PHP Warning:  session_set_cookie_params(): Session cookie parameters cannot be changed when a session is active in C:\xampp\htdocs\dashboard\book_store\includes\config.php on line 254
[01-May-2025 04:33:00 Asia/Riyadh] PHP Warning:  Undefined array key "items_per_page" in C:\xampp\htdocs\dashboard\book_store\index.php on line 17
[01-May-2025 04:33:00 Asia/Riyadh] PHP Fatal error:  Uncaught mysqli_sql_exception: Table 'book_store.authors' doesn't exist in C:\xampp\htdocs\dashboard\book_store\includes\functions.php:194
Stack trace:
#0 C:\xampp\htdocs\dashboard\book_store\includes\functions.php(194): mysqli->prepare('SELECT b.*, a.n...')
#1 C:\xampp\htdocs\dashboard\book_store\index.php(31): get_books(Array, NULL, 0)
#2 {main}
  thrown in C:\xampp\htdocs\dashboard\book_store\includes\functions.php on line 194
[01-May-2025 04:33:02 Asia/Riyadh] PHP Warning:  ini_set(): Session ini settings cannot be changed when a session is active in C:\xampp\htdocs\dashboard\book_store\includes\config.php on line 249
[01-May-2025 04:33:02 Asia/Riyadh] PHP Warning:  ini_set(): Session ini settings cannot be changed when a session is active in C:\xampp\htdocs\dashboard\book_store\includes\config.php on line 250
[01-May-2025 04:33:02 Asia/Riyadh] PHP Warning:  ini_set(): Session ini settings cannot be changed when a session is active in C:\xampp\htdocs\dashboard\book_store\includes\config.php on line 251
[01-May-2025 04:33:02 Asia/Riyadh] PHP Warning:  ini_set(): Session ini settings cannot be changed when a session is active in C:\xampp\htdocs\dashboard\book_store\includes\config.php on line 252
[01-May-2025 04:33:02 Asia/Riyadh] PHP Warning:  ini_set(): Session ini settings cannot be changed when a session is active in C:\xampp\htdocs\dashboard\book_store\includes\config.php on line 253
[01-May-2025 04:33:02 Asia/Riyadh] PHP Warning:  session_set_cookie_params(): Session cookie parameters cannot be changed when a session is active in C:\xampp\htdocs\dashboard\book_store\includes\config.php on line 254
[01-May-2025 04:33:02 Asia/Riyadh] PHP Warning:  Undefined array key "items_per_page" in C:\xampp\htdocs\dashboard\book_store\index.php on line 17
[01-May-2025 04:33:02 Asia/Riyadh] PHP Fatal error:  Uncaught mysqli_sql_exception: Table 'book_store.authors' doesn't exist in C:\xampp\htdocs\dashboard\book_store\includes\functions.php:194
Stack trace:
#0 C:\xampp\htdocs\dashboard\book_store\includes\functions.php(194): mysqli->prepare('SELECT b.*, a.n...')
#1 C:\xampp\htdocs\dashboard\book_store\index.php(31): get_books(Array, NULL, 0)
#2 {main}
  thrown in C:\xampp\htdocs\dashboard\book_store\includes\functions.php on line 194
[01-May-2025 04:39:18 Asia/Riyadh] PHP Warning:  ini_set(): Session ini settings cannot be changed when a session is active in C:\xampp\htdocs\dashboard\book_store\includes\config.php on line 249
[01-May-2025 04:39:18 Asia/Riyadh] PHP Warning:  ini_set(): Session ini settings cannot be changed when a session is active in C:\xampp\htdocs\dashboard\book_store\includes\config.php on line 250
[01-May-2025 04:39:18 Asia/Riyadh] PHP Warning:  ini_set(): Session ini settings cannot be changed when a session is active in C:\xampp\htdocs\dashboard\book_store\includes\config.php on line 251
[01-May-2025 04:39:18 Asia/Riyadh] PHP Warning:  ini_set(): Session ini settings cannot be changed when a session is active in C:\xampp\htdocs\dashboard\book_store\includes\config.php on line 252
[01-May-2025 04:39:18 Asia/Riyadh] PHP Warning:  ini_set(): Session ini settings cannot be changed when a session is active in C:\xampp\htdocs\dashboard\book_store\includes\config.php on line 253
[01-May-2025 04:39:18 Asia/Riyadh] PHP Warning:  session_set_cookie_params(): Session cookie parameters cannot be changed when a session is active in C:\xampp\htdocs\dashboard\book_store\includes\config.php on line 254
[01-May-2025 04:39:18 Asia/Riyadh] PHP Warning:  Undefined array key "items_per_page" in C:\xampp\htdocs\dashboard\book_store\index.php on line 17
[01-May-2025 04:39:18 Asia/Riyadh] PHP Fatal error:  Uncaught mysqli_sql_exception: Table 'book_store.authors' doesn't exist in C:\xampp\htdocs\dashboard\book_store\includes\functions.php:194
Stack trace:
#0 C:\xampp\htdocs\dashboard\book_store\includes\functions.php(194): mysqli->prepare('SELECT b.*, a.n...')
#1 C:\xampp\htdocs\dashboard\book_store\index.php(31): get_books(Array, NULL, 0)
#2 {main}
  thrown in C:\xampp\htdocs\dashboard\book_store\includes\functions.php on line 194
[01-May-2025 04:39:20 Asia/Riyadh] PHP Warning:  ini_set(): Session ini settings cannot be changed when a session is active in C:\xampp\htdocs\dashboard\book_store\includes\config.php on line 249
[01-May-2025 04:39:20 Asia/Riyadh] PHP Warning:  ini_set(): Session ini settings cannot be changed when a session is active in C:\xampp\htdocs\dashboard\book_store\includes\config.php on line 250
[01-May-2025 04:39:20 Asia/Riyadh] PHP Warning:  ini_set(): Session ini settings cannot be changed when a session is active in C:\xampp\htdocs\dashboard\book_store\includes\config.php on line 251
[01-May-2025 04:39:20 Asia/Riyadh] PHP Warning:  ini_set(): Session ini settings cannot be changed when a session is active in C:\xampp\htdocs\dashboard\book_store\includes\config.php on line 252
[01-May-2025 04:39:20 Asia/Riyadh] PHP Warning:  ini_set(): Session ini settings cannot be changed when a session is active in C:\xampp\htdocs\dashboard\book_store\includes\config.php on line 253
[01-May-2025 04:39:20 Asia/Riyadh] PHP Warning:  session_set_cookie_params(): Session cookie parameters cannot be changed when a session is active in C:\xampp\htdocs\dashboard\book_store\includes\config.php on line 254
[01-May-2025 04:39:20 Asia/Riyadh] PHP Warning:  Undefined array key "items_per_page" in C:\xampp\htdocs\dashboard\book_store\index.php on line 17
[01-May-2025 04:39:20 Asia/Riyadh] PHP Fatal error:  Uncaught mysqli_sql_exception: Table 'book_store.authors' doesn't exist in C:\xampp\htdocs\dashboard\book_store\includes\functions.php:194
Stack trace:
#0 C:\xampp\htdocs\dashboard\book_store\includes\functions.php(194): mysqli->prepare('SELECT b.*, a.n...')
#1 C:\xampp\htdocs\dashboard\book_store\index.php(31): get_books(Array, NULL, 0)
#2 {main}
  thrown in C:\xampp\htdocs\dashboard\book_store\includes\functions.php on line 194
[01-May-2025 20:43:27 Asia/Riyadh] PHP Warning:  ini_set(): Session ini settings cannot be changed when a session is active in C:\xampp\htdocs\dashboard\book_store\includes\config.php on line 249
[01-May-2025 20:43:27 Asia/Riyadh] PHP Warning:  ini_set(): Session ini settings cannot be changed when a session is active in C:\xampp\htdocs\dashboard\book_store\includes\config.php on line 250
[01-May-2025 20:43:27 Asia/Riyadh] PHP Warning:  ini_set(): Session ini settings cannot be changed when a session is active in C:\xampp\htdocs\dashboard\book_store\includes\config.php on line 251
[01-May-2025 20:43:27 Asia/Riyadh] PHP Warning:  ini_set(): Session ini settings cannot be changed when a session is active in C:\xampp\htdocs\dashboard\book_store\includes\config.php on line 252
[01-May-2025 20:43:27 Asia/Riyadh] PHP Warning:  ini_set(): Session ini settings cannot be changed when a session is active in C:\xampp\htdocs\dashboard\book_store\includes\config.php on line 253
[01-May-2025 20:43:27 Asia/Riyadh] PHP Warning:  session_set_cookie_params(): Session cookie parameters cannot be changed when a session is active in C:\xampp\htdocs\dashboard\book_store\includes\config.php on line 254
[01-May-2025 20:43:27 Asia/Riyadh] PHP Notice:  session_start(): Ignoring session_start() because a session is already active in C:\xampp\htdocs\dashboard\book_store\includes\auth.php on line 97
[01-May-2025 20:43:28 Asia/Riyadh] PHP Warning:  ini_set(): Session ini settings cannot be changed when a session is active in C:\xampp\htdocs\dashboard\book_store\includes\config.php on line 249
[01-May-2025 20:43:28 Asia/Riyadh] PHP Warning:  ini_set(): Session ini settings cannot be changed when a session is active in C:\xampp\htdocs\dashboard\book_store\includes\config.php on line 250
[01-May-2025 20:43:28 Asia/Riyadh] PHP Warning:  ini_set(): Session ini settings cannot be changed when a session is active in C:\xampp\htdocs\dashboard\book_store\includes\config.php on line 251
[01-May-2025 20:43:28 Asia/Riyadh] PHP Warning:  ini_set(): Session ini settings cannot be changed when a session is active in C:\xampp\htdocs\dashboard\book_store\includes\config.php on line 252
[01-May-2025 20:43:28 Asia/Riyadh] PHP Warning:  ini_set(): Session ini settings cannot be changed when a session is active in C:\xampp\htdocs\dashboard\book_store\includes\config.php on line 253
[01-May-2025 20:43:28 Asia/Riyadh] PHP Warning:  session_set_cookie_params(): Session cookie parameters cannot be changed when a session is active in C:\xampp\htdocs\dashboard\book_store\includes\config.php on line 254
[01-May-2025 20:43:28 Asia/Riyadh] PHP Notice:  session_start(): Ignoring session_start() because a session is already active in C:\xampp\htdocs\dashboard\book_store\includes\auth.php on line 97
[01-May-2025 20:43:41 Asia/Riyadh] PHP Warning:  ini_set(): Session ini settings cannot be changed when a session is active in C:\xampp\htdocs\dashboard\book_store\includes\config.php on line 249
[01-May-2025 20:43:41 Asia/Riyadh] PHP Warning:  ini_set(): Session ini settings cannot be changed when a session is active in C:\xampp\htdocs\dashboard\book_store\includes\config.php on line 250
[01-May-2025 20:43:41 Asia/Riyadh] PHP Warning:  ini_set(): Session ini settings cannot be changed when a session is active in C:\xampp\htdocs\dashboard\book_store\includes\config.php on line 251
[01-May-2025 20:43:41 Asia/Riyadh] PHP Warning:  ini_set(): Session ini settings cannot be changed when a session is active in C:\xampp\htdocs\dashboard\book_store\includes\config.php on line 252
[01-May-2025 20:43:41 Asia/Riyadh] PHP Warning:  ini_set(): Session ini settings cannot be changed when a session is active in C:\xampp\htdocs\dashboard\book_store\includes\config.php on line 253
[01-May-2025 20:43:41 Asia/Riyadh] PHP Warning:  session_set_cookie_params(): Session cookie parameters cannot be changed when a session is active in C:\xampp\htdocs\dashboard\book_store\includes\config.php on line 254
[01-May-2025 20:43:41 Asia/Riyadh] PHP Notice:  session_start(): Ignoring session_start() because a session is already active in C:\xampp\htdocs\dashboard\book_store\includes\auth.php on line 97
[01-May-2025 20:43:51 Asia/Riyadh] PHP Warning:  ini_set(): Session ini settings cannot be changed when a session is active in C:\xampp\htdocs\dashboard\book_store\includes\config.php on line 249
[01-May-2025 20:43:51 Asia/Riyadh] PHP Warning:  ini_set(): Session ini settings cannot be changed when a session is active in C:\xampp\htdocs\dashboard\book_store\includes\config.php on line 250
[01-May-2025 20:43:51 Asia/Riyadh] PHP Warning:  ini_set(): Session ini settings cannot be changed when a session is active in C:\xampp\htdocs\dashboard\book_store\includes\config.php on line 251
[01-May-2025 20:43:51 Asia/Riyadh] PHP Warning:  ini_set(): Session ini settings cannot be changed when a session is active in C:\xampp\htdocs\dashboard\book_store\includes\config.php on line 252
[01-May-2025 20:43:51 Asia/Riyadh] PHP Warning:  ini_set(): Session ini settings cannot be changed when a session is active in C:\xampp\htdocs\dashboard\book_store\includes\config.php on line 253
[01-May-2025 20:43:51 Asia/Riyadh] PHP Warning:  session_set_cookie_params(): Session cookie parameters cannot be changed when a session is active in C:\xampp\htdocs\dashboard\book_store\includes\config.php on line 254
[01-May-2025 20:43:51 Asia/Riyadh] PHP Notice:  session_start(): Ignoring session_start() because a session is already active in C:\xampp\htdocs\dashboard\book_store\includes\auth.php on line 97
[01-May-2025 20:44:51 Asia/Riyadh] PHP Warning:  ini_set(): Session ini settings cannot be changed when a session is active in C:\xampp\htdocs\dashboard\book_store\includes\config.php on line 249
[01-May-2025 20:44:51 Asia/Riyadh] PHP Warning:  ini_set(): Session ini settings cannot be changed when a session is active in C:\xampp\htdocs\dashboard\book_store\includes\config.php on line 250
[01-May-2025 20:44:51 Asia/Riyadh] PHP Warning:  ini_set(): Session ini settings cannot be changed when a session is active in C:\xampp\htdocs\dashboard\book_store\includes\config.php on line 251
[01-May-2025 20:44:51 Asia/Riyadh] PHP Warning:  ini_set(): Session ini settings cannot be changed when a session is active in C:\xampp\htdocs\dashboard\book_store\includes\config.php on line 252
[01-May-2025 20:44:51 Asia/Riyadh] PHP Warning:  ini_set(): Session ini settings cannot be changed when a session is active in C:\xampp\htdocs\dashboard\book_store\includes\config.php on line 253
[01-May-2025 20:44:51 Asia/Riyadh] PHP Warning:  session_set_cookie_params(): Session cookie parameters cannot be changed when a session is active in C:\xampp\htdocs\dashboard\book_store\includes\config.php on line 254
[01-May-2025 20:44:51 Asia/Riyadh] PHP Warning:  Undefined array key "items_per_page" in C:\xampp\htdocs\dashboard\book_store\index.php on line 17
[01-May-2025 20:44:51 Asia/Riyadh] PHP Fatal error:  Uncaught mysqli_sql_exception: Table 'book_store.authors' doesn't exist in C:\xampp\htdocs\dashboard\book_store\includes\functions.php:194
Stack trace:
#0 C:\xampp\htdocs\dashboard\book_store\includes\functions.php(194): mysqli->prepare('SELECT b.*, a.n...')
#1 C:\xampp\htdocs\dashboard\book_store\index.php(31): get_books(Array, NULL, 0)
#2 {main}
  thrown in C:\xampp\htdocs\dashboard\book_store\includes\functions.php on line 194
[01-May-2025 20:44:54 Asia/Riyadh] PHP Warning:  ini_set(): Session ini settings cannot be changed when a session is active in C:\xampp\htdocs\dashboard\book_store\includes\config.php on line 249
[01-May-2025 20:44:54 Asia/Riyadh] PHP Warning:  ini_set(): Session ini settings cannot be changed when a session is active in C:\xampp\htdocs\dashboard\book_store\includes\config.php on line 250
[01-May-2025 20:44:54 Asia/Riyadh] PHP Warning:  ini_set(): Session ini settings cannot be changed when a session is active in C:\xampp\htdocs\dashboard\book_store\includes\config.php on line 251
[01-May-2025 20:44:54 Asia/Riyadh] PHP Warning:  ini_set(): Session ini settings cannot be changed when a session is active in C:\xampp\htdocs\dashboard\book_store\includes\config.php on line 252
[01-May-2025 20:44:54 Asia/Riyadh] PHP Warning:  ini_set(): Session ini settings cannot be changed when a session is active in C:\xampp\htdocs\dashboard\book_store\includes\config.php on line 253
[01-May-2025 20:44:54 Asia/Riyadh] PHP Warning:  session_set_cookie_params(): Session cookie parameters cannot be changed when a session is active in C:\xampp\htdocs\dashboard\book_store\includes\config.php on line 254
[01-May-2025 20:44:54 Asia/Riyadh] PHP Warning:  Undefined array key "items_per_page" in C:\xampp\htdocs\dashboard\book_store\index.php on line 17
[01-May-2025 20:44:54 Asia/Riyadh] PHP Fatal error:  Uncaught mysqli_sql_exception: Table 'book_store.authors' doesn't exist in C:\xampp\htdocs\dashboard\book_store\includes\functions.php:194
Stack trace:
#0 C:\xampp\htdocs\dashboard\book_store\includes\functions.php(194): mysqli->prepare('SELECT b.*, a.n...')
#1 C:\xampp\htdocs\dashboard\book_store\index.php(31): get_books(Array, NULL, 0)
#2 {main}
  thrown in C:\xampp\htdocs\dashboard\book_store\includes\functions.php on line 194
[01-May-2025 20:45:58 Asia/Riyadh] PHP Warning:  ini_set(): Session ini settings cannot be changed when a session is active in C:\xampp\htdocs\dashboard\book_store\includes\config.php on line 249
[01-May-2025 20:45:58 Asia/Riyadh] PHP Warning:  ini_set(): Session ini settings cannot be changed when a session is active in C:\xampp\htdocs\dashboard\book_store\includes\config.php on line 250
[01-May-2025 20:45:58 Asia/Riyadh] PHP Warning:  ini_set(): Session ini settings cannot be changed when a session is active in C:\xampp\htdocs\dashboard\book_store\includes\config.php on line 251
[01-May-2025 20:45:58 Asia/Riyadh] PHP Warning:  ini_set(): Session ini settings cannot be changed when a session is active in C:\xampp\htdocs\dashboard\book_store\includes\config.php on line 252
[01-May-2025 20:45:58 Asia/Riyadh] PHP Warning:  ini_set(): Session ini settings cannot be changed when a session is active in C:\xampp\htdocs\dashboard\book_store\includes\config.php on line 253
[01-May-2025 20:45:58 Asia/Riyadh] PHP Warning:  session_set_cookie_params(): Session cookie parameters cannot be changed when a session is active in C:\xampp\htdocs\dashboard\book_store\includes\config.php on line 254
[01-May-2025 20:45:58 Asia/Riyadh] PHP Notice:  session_start(): Ignoring session_start() because a session is already active in C:\xampp\htdocs\dashboard\book_store\includes\auth.php on line 97
[01-May-2025 20:46:10 Asia/Riyadh] PHP Warning:  ini_set(): Session ini settings cannot be changed when a session is active in C:\xampp\htdocs\dashboard\book_store\includes\config.php on line 249
[01-May-2025 20:46:10 Asia/Riyadh] PHP Warning:  ini_set(): Session ini settings cannot be changed when a session is active in C:\xampp\htdocs\dashboard\book_store\includes\config.php on line 250
[01-May-2025 20:46:10 Asia/Riyadh] PHP Warning:  ini_set(): Session ini settings cannot be changed when a session is active in C:\xampp\htdocs\dashboard\book_store\includes\config.php on line 251
[01-May-2025 20:46:10 Asia/Riyadh] PHP Warning:  ini_set(): Session ini settings cannot be changed when a session is active in C:\xampp\htdocs\dashboard\book_store\includes\config.php on line 252
[01-May-2025 20:46:10 Asia/Riyadh] PHP Warning:  ini_set(): Session ini settings cannot be changed when a session is active in C:\xampp\htdocs\dashboard\book_store\includes\config.php on line 253
[01-May-2025 20:46:10 Asia/Riyadh] PHP Warning:  session_set_cookie_params(): Session cookie parameters cannot be changed when a session is active in C:\xampp\htdocs\dashboard\book_store\includes\config.php on line 254
[01-May-2025 20:46:10 Asia/Riyadh] PHP Notice:  session_start(): Ignoring session_start() because a session is already active in C:\xampp\htdocs\dashboard\book_store\includes\auth.php on line 97
[01-May-2025 20:46:17 Asia/Riyadh] PHP Warning:  ini_set(): Session ini settings cannot be changed when a session is active in C:\xampp\htdocs\dashboard\book_store\includes\config.php on line 249
[01-May-2025 20:46:17 Asia/Riyadh] PHP Warning:  ini_set(): Session ini settings cannot be changed when a session is active in C:\xampp\htdocs\dashboard\book_store\includes\config.php on line 250
[01-May-2025 20:46:17 Asia/Riyadh] PHP Warning:  ini_set(): Session ini settings cannot be changed when a session is active in C:\xampp\htdocs\dashboard\book_store\includes\config.php on line 251
[01-May-2025 20:46:17 Asia/Riyadh] PHP Warning:  ini_set(): Session ini settings cannot be changed when a session is active in C:\xampp\htdocs\dashboard\book_store\includes\config.php on line 252
[01-May-2025 20:46:17 Asia/Riyadh] PHP Warning:  ini_set(): Session ini settings cannot be changed when a session is active in C:\xampp\htdocs\dashboard\book_store\includes\config.php on line 253
[01-May-2025 20:46:17 Asia/Riyadh] PHP Warning:  session_set_cookie_params(): Session cookie parameters cannot be changed when a session is active in C:\xampp\htdocs\dashboard\book_store\includes\config.php on line 254
[01-May-2025 20:46:17 Asia/Riyadh] PHP Notice:  session_start(): Ignoring session_start() because a session is already active in C:\xampp\htdocs\dashboard\book_store\includes\auth.php on line 97
[01-May-2025 20:46:27 Asia/Riyadh] PHP Warning:  ini_set(): Session ini settings cannot be changed when a session is active in C:\xampp\htdocs\dashboard\book_store\includes\config.php on line 249
[01-May-2025 20:46:27 Asia/Riyadh] PHP Warning:  ini_set(): Session ini settings cannot be changed when a session is active in C:\xampp\htdocs\dashboard\book_store\includes\config.php on line 250
[01-May-2025 20:46:27 Asia/Riyadh] PHP Warning:  ini_set(): Session ini settings cannot be changed when a session is active in C:\xampp\htdocs\dashboard\book_store\includes\config.php on line 251
[01-May-2025 20:46:27 Asia/Riyadh] PHP Warning:  ini_set(): Session ini settings cannot be changed when a session is active in C:\xampp\htdocs\dashboard\book_store\includes\config.php on line 252
[01-May-2025 20:46:27 Asia/Riyadh] PHP Warning:  ini_set(): Session ini settings cannot be changed when a session is active in C:\xampp\htdocs\dashboard\book_store\includes\config.php on line 253
[01-May-2025 20:46:27 Asia/Riyadh] PHP Warning:  session_set_cookie_params(): Session cookie parameters cannot be changed when a session is active in C:\xampp\htdocs\dashboard\book_store\includes\config.php on line 254
[01-May-2025 20:46:27 Asia/Riyadh] PHP Warning:  Undefined array key "items_per_page" in C:\xampp\htdocs\dashboard\book_store\index.php on line 17
[01-May-2025 20:46:27 Asia/Riyadh] PHP Fatal error:  Uncaught mysqli_sql_exception: Table 'book_store.authors' doesn't exist in C:\xampp\htdocs\dashboard\book_store\includes\functions.php:194
Stack trace:
#0 C:\xampp\htdocs\dashboard\book_store\includes\functions.php(194): mysqli->prepare('SELECT b.*, a.n...')
#1 C:\xampp\htdocs\dashboard\book_store\index.php(31): get_books(Array, NULL, 0)
#2 {main}
  thrown in C:\xampp\htdocs\dashboard\book_store\includes\functions.php on line 194
[01-May-2025 20:53:27 Asia/Riyadh] PHP Warning:  ini_set(): Session ini settings cannot be changed when a session is active in C:\xampp\htdocs\dashboard\book_store\includes\config.php on line 249
[01-May-2025 20:53:27 Asia/Riyadh] PHP Warning:  ini_set(): Session ini settings cannot be changed when a session is active in C:\xampp\htdocs\dashboard\book_store\includes\config.php on line 250
[01-May-2025 20:53:27 Asia/Riyadh] PHP Warning:  ini_set(): Session ini settings cannot be changed when a session is active in C:\xampp\htdocs\dashboard\book_store\includes\config.php on line 251
[01-May-2025 20:53:27 Asia/Riyadh] PHP Warning:  ini_set(): Session ini settings cannot be changed when a session is active in C:\xampp\htdocs\dashboard\book_store\includes\config.php on line 252
[01-May-2025 20:53:27 Asia/Riyadh] PHP Warning:  ini_set(): Session ini settings cannot be changed when a session is active in C:\xampp\htdocs\dashboard\book_store\includes\config.php on line 253
[01-May-2025 20:53:27 Asia/Riyadh] PHP Warning:  session_set_cookie_params(): Session cookie parameters cannot be changed when a session is active in C:\xampp\htdocs\dashboard\book_store\includes\config.php on line 254
[01-May-2025 20:53:27 Asia/Riyadh] PHP Warning:  Undefined array key "items_per_page" in C:\xampp\htdocs\dashboard\book_store\index.php on line 17
[01-May-2025 20:53:27 Asia/Riyadh] PHP Fatal error:  Uncaught mysqli_sql_exception: Table 'book_store.authors' doesn't exist in C:\xampp\htdocs\dashboard\book_store\includes\functions.php:194
Stack trace:
#0 C:\xampp\htdocs\dashboard\book_store\includes\functions.php(194): mysqli->prepare('SELECT b.*, a.n...')
#1 C:\xampp\htdocs\dashboard\book_store\index.php(31): get_books(Array, NULL, 0)
#2 {main}
  thrown in C:\xampp\htdocs\dashboard\book_store\includes\functions.php on line 194
[01-May-2025 20:53:33 Asia/Riyadh] PHP Warning:  ini_set(): Session ini settings cannot be changed when a session is active in C:\xampp\htdocs\dashboard\book_store\includes\config.php on line 249
[01-May-2025 20:53:33 Asia/Riyadh] PHP Warning:  ini_set(): Session ini settings cannot be changed when a session is active in C:\xampp\htdocs\dashboard\book_store\includes\config.php on line 250
[01-May-2025 20:53:33 Asia/Riyadh] PHP Warning:  ini_set(): Session ini settings cannot be changed when a session is active in C:\xampp\htdocs\dashboard\book_store\includes\config.php on line 251
[01-May-2025 20:53:33 Asia/Riyadh] PHP Warning:  ini_set(): Session ini settings cannot be changed when a session is active in C:\xampp\htdocs\dashboard\book_store\includes\config.php on line 252
[01-May-2025 20:53:33 Asia/Riyadh] PHP Warning:  ini_set(): Session ini settings cannot be changed when a session is active in C:\xampp\htdocs\dashboard\book_store\includes\config.php on line 253
[01-May-2025 20:53:33 Asia/Riyadh] PHP Warning:  session_set_cookie_params(): Session cookie parameters cannot be changed when a session is active in C:\xampp\htdocs\dashboard\book_store\includes\config.php on line 254
[01-May-2025 20:53:33 Asia/Riyadh] PHP Warning:  Undefined array key "items_per_page" in C:\xampp\htdocs\dashboard\book_store\index.php on line 17
[01-May-2025 20:53:33 Asia/Riyadh] PHP Fatal error:  Uncaught mysqli_sql_exception: Table 'book_store.authors' doesn't exist in C:\xampp\htdocs\dashboard\book_store\includes\functions.php:194
Stack trace:
#0 C:\xampp\htdocs\dashboard\book_store\includes\functions.php(194): mysqli->prepare('SELECT b.*, a.n...')
#1 C:\xampp\htdocs\dashboard\book_store\index.php(31): get_books(Array, NULL, 0)
#2 {main}
  thrown in C:\xampp\htdocs\dashboard\book_store\includes\functions.php on line 194
[01-May-2025 20:54:04 Asia/Riyadh] PHP Warning:  ini_set(): Session ini settings cannot be changed when a session is active in C:\xampp\htdocs\dashboard\book_store\includes\config.php on line 249
[01-May-2025 20:54:04 Asia/Riyadh] PHP Warning:  ini_set(): Session ini settings cannot be changed when a session is active in C:\xampp\htdocs\dashboard\book_store\includes\config.php on line 250
[01-May-2025 20:54:04 Asia/Riyadh] PHP Warning:  ini_set(): Session ini settings cannot be changed when a session is active in C:\xampp\htdocs\dashboard\book_store\includes\config.php on line 251
[01-May-2025 20:54:04 Asia/Riyadh] PHP Warning:  ini_set(): Session ini settings cannot be changed when a session is active in C:\xampp\htdocs\dashboard\book_store\includes\config.php on line 252
[01-May-2025 20:54:04 Asia/Riyadh] PHP Warning:  ini_set(): Session ini settings cannot be changed when a session is active in C:\xampp\htdocs\dashboard\book_store\includes\config.php on line 253
[01-May-2025 20:54:04 Asia/Riyadh] PHP Warning:  session_set_cookie_params(): Session cookie parameters cannot be changed when a session is active in C:\xampp\htdocs\dashboard\book_store\includes\config.php on line 254
[01-May-2025 20:54:04 Asia/Riyadh] PHP Notice:  session_start(): Ignoring session_start() because a session is already active in C:\xampp\htdocs\dashboard\book_store\includes\auth.php on line 97
[01-May-2025 20:54:16 Asia/Riyadh] PHP Warning:  ini_set(): Session ini settings cannot be changed when a session is active in C:\xampp\htdocs\dashboard\book_store\includes\config.php on line 249
[01-May-2025 20:54:16 Asia/Riyadh] PHP Warning:  ini_set(): Session ini settings cannot be changed when a session is active in C:\xampp\htdocs\dashboard\book_store\includes\config.php on line 250
[01-May-2025 20:54:16 Asia/Riyadh] PHP Warning:  ini_set(): Session ini settings cannot be changed when a session is active in C:\xampp\htdocs\dashboard\book_store\includes\config.php on line 251
[01-May-2025 20:54:16 Asia/Riyadh] PHP Warning:  ini_set(): Session ini settings cannot be changed when a session is active in C:\xampp\htdocs\dashboard\book_store\includes\config.php on line 252
[01-May-2025 20:54:16 Asia/Riyadh] PHP Warning:  ini_set(): Session ini settings cannot be changed when a session is active in C:\xampp\htdocs\dashboard\book_store\includes\config.php on line 253
[01-May-2025 20:54:16 Asia/Riyadh] PHP Warning:  session_set_cookie_params(): Session cookie parameters cannot be changed when a session is active in C:\xampp\htdocs\dashboard\book_store\includes\config.php on line 254
[01-May-2025 20:54:16 Asia/Riyadh] PHP Notice:  session_start(): Ignoring session_start() because a session is already active in C:\xampp\htdocs\dashboard\book_store\includes\auth.php on line 97
[01-May-2025 20:54:23 Asia/Riyadh] PHP Warning:  ini_set(): Session ini settings cannot be changed when a session is active in C:\xampp\htdocs\dashboard\book_store\includes\config.php on line 249
[01-May-2025 20:54:23 Asia/Riyadh] PHP Warning:  ini_set(): Session ini settings cannot be changed when a session is active in C:\xampp\htdocs\dashboard\book_store\includes\config.php on line 250
[01-May-2025 20:54:23 Asia/Riyadh] PHP Warning:  ini_set(): Session ini settings cannot be changed when a session is active in C:\xampp\htdocs\dashboard\book_store\includes\config.php on line 251
[01-May-2025 20:54:23 Asia/Riyadh] PHP Warning:  ini_set(): Session ini settings cannot be changed when a session is active in C:\xampp\htdocs\dashboard\book_store\includes\config.php on line 252
[01-May-2025 20:54:23 Asia/Riyadh] PHP Warning:  ini_set(): Session ini settings cannot be changed when a session is active in C:\xampp\htdocs\dashboard\book_store\includes\config.php on line 253
[01-May-2025 20:54:23 Asia/Riyadh] PHP Warning:  session_set_cookie_params(): Session cookie parameters cannot be changed when a session is active in C:\xampp\htdocs\dashboard\book_store\includes\config.php on line 254
[01-May-2025 20:54:23 Asia/Riyadh] PHP Warning:  Undefined array key "items_per_page" in C:\xampp\htdocs\dashboard\book_store\index.php on line 17
[01-May-2025 20:54:23 Asia/Riyadh] PHP Fatal error:  Uncaught mysqli_sql_exception: Table 'book_store.authors' doesn't exist in C:\xampp\htdocs\dashboard\book_store\includes\functions.php:194
Stack trace:
#0 C:\xampp\htdocs\dashboard\book_store\includes\functions.php(194): mysqli->prepare('SELECT b.*, a.n...')
#1 C:\xampp\htdocs\dashboard\book_store\index.php(31): get_books(Array, NULL, 0)
#2 {main}
  thrown in C:\xampp\htdocs\dashboard\book_store\includes\functions.php on line 194
[04-May-2025 00:35:11 Asia/Riyadh] PHP Warning:  Undefined array key "author" in C:\xampp\htdocs\dashboard\book_store\admin\books.php on line 91
[04-May-2025 00:35:11 Asia/Riyadh] PHP Warning:  Undefined array key "publication_year" in C:\xampp\htdocs\dashboard\book_store\admin\books.php on line 92
[04-May-2025 00:35:11 Asia/Riyadh] PHP Warning:  Undefined array key "pages" in C:\xampp\htdocs\dashboard\book_store\admin\books.php on line 93
[04-May-2025 00:35:11 Asia/Riyadh] PHP Warning:  Undefined array key "author" in C:\xampp\htdocs\dashboard\book_store\admin\books.php on line 91
[04-May-2025 00:35:11 Asia/Riyadh] PHP Warning:  Undefined array key "publication_year" in C:\xampp\htdocs\dashboard\book_store\admin\books.php on line 92
[04-May-2025 00:35:11 Asia/Riyadh] PHP Warning:  Undefined array key "pages" in C:\xampp\htdocs\dashboard\book_store\admin\books.php on line 93
[04-May-2025 00:35:11 Asia/Riyadh] PHP Warning:  Undefined array key "author" in C:\xampp\htdocs\dashboard\book_store\admin\books.php on line 91
[04-May-2025 00:35:11 Asia/Riyadh] PHP Warning:  Undefined array key "publication_year" in C:\xampp\htdocs\dashboard\book_store\admin\books.php on line 92
[04-May-2025 00:35:11 Asia/Riyadh] PHP Warning:  Undefined array key "pages" in C:\xampp\htdocs\dashboard\book_store\admin\books.php on line 93
[04-May-2025 00:35:11 Asia/Riyadh] PHP Warning:  Undefined array key "author" in C:\xampp\htdocs\dashboard\book_store\admin\books.php on line 91
[04-May-2025 00:35:11 Asia/Riyadh] PHP Warning:  Undefined array key "publication_year" in C:\xampp\htdocs\dashboard\book_store\admin\books.php on line 92
[04-May-2025 00:35:11 Asia/Riyadh] PHP Warning:  Undefined array key "pages" in C:\xampp\htdocs\dashboard\book_store\admin\books.php on line 93
[04-May-2025 00:35:11 Asia/Riyadh] PHP Warning:  Undefined array key "author" in C:\xampp\htdocs\dashboard\book_store\admin\books.php on line 91
[04-May-2025 00:35:11 Asia/Riyadh] PHP Warning:  Undefined array key "publication_year" in C:\xampp\htdocs\dashboard\book_store\admin\books.php on line 92
[04-May-2025 00:35:11 Asia/Riyadh] PHP Warning:  Undefined array key "pages" in C:\xampp\htdocs\dashboard\book_store\admin\books.php on line 93
[04-May-2025 00:35:11 Asia/Riyadh] PHP Warning:  Undefined array key "author" in C:\xampp\htdocs\dashboard\book_store\admin\books.php on line 91
[04-May-2025 00:35:11 Asia/Riyadh] PHP Warning:  Undefined array key "publication_year" in C:\xampp\htdocs\dashboard\book_store\admin\books.php on line 92
[04-May-2025 00:35:11 Asia/Riyadh] PHP Warning:  Undefined array key "pages" in C:\xampp\htdocs\dashboard\book_store\admin\books.php on line 93
[04-May-2025 00:35:11 Asia/Riyadh] PHP Warning:  Undefined array key "author" in C:\xampp\htdocs\dashboard\book_store\admin\books.php on line 91
[04-May-2025 00:35:11 Asia/Riyadh] PHP Warning:  Undefined array key "publication_year" in C:\xampp\htdocs\dashboard\book_store\admin\books.php on line 92
[04-May-2025 00:35:11 Asia/Riyadh] PHP Warning:  Undefined array key "pages" in C:\xampp\htdocs\dashboard\book_store\admin\books.php on line 93
[04-May-2025 00:35:11 Asia/Riyadh] PHP Warning:  Undefined array key "author" in C:\xampp\htdocs\dashboard\book_store\admin\books.php on line 91
[04-May-2025 00:35:11 Asia/Riyadh] PHP Warning:  Undefined array key "publication_year" in C:\xampp\htdocs\dashboard\book_store\admin\books.php on line 92
[04-May-2025 00:35:11 Asia/Riyadh] PHP Warning:  Undefined array key "pages" in C:\xampp\htdocs\dashboard\book_store\admin\books.php on line 93
[04-May-2025 00:39:09 Asia/Riyadh] PHP Deprecated:  htmlspecialchars(): Passing null to parameter #1 ($string) of type string is deprecated in C:\xampp\htdocs\dashboard\book_store\admin\settings.php on line 263
[04-May-2025 00:39:09 Asia/Riyadh] PHP Deprecated:  htmlspecialchars(): Passing null to parameter #1 ($string) of type string is deprecated in C:\xampp\htdocs\dashboard\book_store\admin\settings.php on line 269
[04-May-2025 00:39:09 Asia/Riyadh] PHP Deprecated:  htmlspecialchars(): Passing null to parameter #1 ($string) of type string is deprecated in C:\xampp\htdocs\dashboard\book_store\admin\settings.php on line 275
[04-May-2025 00:39:11 Asia/Riyadh] PHP Deprecated:  htmlspecialchars(): Passing null to parameter #1 ($string) of type string is deprecated in C:\xampp\htdocs\dashboard\book_store\admin\settings.php on line 263
[04-May-2025 00:39:11 Asia/Riyadh] PHP Deprecated:  htmlspecialchars(): Passing null to parameter #1 ($string) of type string is deprecated in C:\xampp\htdocs\dashboard\book_store\admin\settings.php on line 269
[04-May-2025 00:39:11 Asia/Riyadh] PHP Deprecated:  htmlspecialchars(): Passing null to parameter #1 ($string) of type string is deprecated in C:\xampp\htdocs\dashboard\book_store\admin\settings.php on line 275
[04-May-2025 00:49:45 Asia/Riyadh] PHP Warning:  Cannot modify header information - headers already sent by (output started at C:\xampp\htdocs\dashboard\book_store\includes\header.php:27) in C:\xampp\htdocs\dashboard\book_store\checkout.php on line 53
[04-May-2025 00:58:52 Asia/Riyadh] PHP Fatal error:  Uncaught Error: Undefined constant "CUSTOM_CSS" in C:\xampp\htdocs\dashboard\book_store\includes\header.php:26
Stack trace:
#0 C:\xampp\htdocs\dashboard\book_store\cart.php(52): require_once()
#1 {main}
  thrown in C:\xampp\htdocs\dashboard\book_store\includes\header.php on line 26
[04-May-2025 00:58:57 Asia/Riyadh] PHP Fatal error:  Uncaught Error: Undefined constant "CUSTOM_CSS" in C:\xampp\htdocs\dashboard\book_store\includes\header.php:26
Stack trace:
#0 C:\xampp\htdocs\dashboard\book_store\cart.php(52): require_once()
#1 {main}
  thrown in C:\xampp\htdocs\dashboard\book_store\includes\header.php on line 26
[04-May-2025 00:59:14 Asia/Riyadh] PHP Fatal error:  Uncaught Error: Undefined constant "CUSTOM_CSS" in C:\xampp\htdocs\dashboard\book_store\includes\header.php:26
Stack trace:
#0 C:\xampp\htdocs\dashboard\book_store\cart.php(52): require_once()
#1 {main}
  thrown in C:\xampp\htdocs\dashboard\book_store\includes\header.php on line 26
[04-May-2025 01:05:33 Asia/Riyadh] PHP Fatal error:  Uncaught Error: Undefined constant "CUSTOM_CSS" in C:\xampp\htdocs\dashboard\book_store\includes\header.php:26
Stack trace:
#0 C:\xampp\htdocs\dashboard\book_store\cart.php(2): require_once()
#1 {main}
  thrown in C:\xampp\htdocs\dashboard\book_store\includes\header.php on line 26
[04-May-2025 01:05:37 Asia/Riyadh] PHP Fatal error:  Uncaught Error: Undefined constant "CUSTOM_CSS" in C:\xampp\htdocs\dashboard\book_store\includes\header.php:26
Stack trace:
#0 C:\xampp\htdocs\dashboard\book_store\cart.php(2): require_once()
#1 {main}
  thrown in C:\xampp\htdocs\dashboard\book_store\includes\header.php on line 26
[04-May-2025 01:05:46 Asia/Riyadh] PHP Fatal error:  Uncaught Error: Undefined constant "CUSTOM_CSS" in C:\xampp\htdocs\dashboard\book_store\includes\header.php:26
Stack trace:
#0 C:\xampp\htdocs\dashboard\book_store\cart.php(2): require_once()
#1 {main}
  thrown in C:\xampp\htdocs\dashboard\book_store\includes\header.php on line 26
[04-May-2025 01:07:17 Asia/Riyadh] PHP Fatal error:  Uncaught Error: Undefined constant "CUSTOM_CSS" in C:\xampp\htdocs\dashboard\book_store\includes\header.php:26
Stack trace:
#0 C:\xampp\htdocs\dashboard\book_store\cart.php(2): require_once()
#1 {main}
  thrown in C:\xampp\htdocs\dashboard\book_store\includes\header.php on line 26
[04-May-2025 01:07:32 Asia/Riyadh] PHP Fatal error:  Uncaught Error: Undefined constant "CUSTOM_CSS" in C:\xampp\htdocs\dashboard\book_store\includes\header.php:26
Stack trace:
#0 C:\xampp\htdocs\dashboard\book_store\cart.php(2): require_once()
#1 {main}
  thrown in C:\xampp\htdocs\dashboard\book_store\includes\header.php on line 26
[04-May-2025 01:07:54 Asia/Riyadh] PHP Warning:  Undefined array key "total_amount" in C:\xampp\htdocs\dashboard\book_store\admin\orders.php on line 161
[04-May-2025 01:07:54 Asia/Riyadh] PHP Deprecated:  number_format(): Passing null to parameter #1 ($num) of type float is deprecated in C:\xampp\htdocs\dashboard\book_store\includes\functions.php on line 74
[04-May-2025 01:08:01 Asia/Riyadh] PHP Deprecated:  htmlspecialchars(): Passing null to parameter #1 ($string) of type string is deprecated in C:\xampp\htdocs\dashboard\book_store\admin\settings.php on line 263
[04-May-2025 01:08:01 Asia/Riyadh] PHP Deprecated:  htmlspecialchars(): Passing null to parameter #1 ($string) of type string is deprecated in C:\xampp\htdocs\dashboard\book_store\admin\settings.php on line 269
[04-May-2025 01:08:01 Asia/Riyadh] PHP Deprecated:  htmlspecialchars(): Passing null to parameter #1 ($string) of type string is deprecated in C:\xampp\htdocs\dashboard\book_store\admin\settings.php on line 275
[04-May-2025 01:19:48 Asia/Riyadh] PHP Warning:  Cannot modify header information - headers already sent by (output started at C:\xampp\htdocs\dashboard\book_store\includes\header.php:133) in C:\xampp\htdocs\dashboard\book_store\cart.php on line 27
[04-May-2025 01:19:58 Asia/Riyadh] PHP Notice:  session_start(): Ignoring session_start() because a session is already active in C:\xampp\htdocs\dashboard\book_store\ajax\add_to_cart.php on line 11
[04-May-2025 01:20:25 Asia/Riyadh] PHP Notice:  session_start(): Ignoring session_start() because a session is already active in C:\xampp\htdocs\dashboard\book_store\ajax\add_to_cart.php on line 11
[04-May-2025 01:20:32 Asia/Riyadh] PHP Warning:  Cannot modify header information - headers already sent by (output started at C:\xampp\htdocs\dashboard\book_store\includes\header.php:133) in C:\xampp\htdocs\dashboard\book_store\cart.php on line 27
[04-May-2025 01:23:22 Asia/Riyadh] PHP Notice:  session_start(): Ignoring session_start() because a session is already active in C:\xampp\htdocs\dashboard\book_store\ajax\add_to_cart.php on line 11
[04-May-2025 01:27:23 Asia/Riyadh] PHP Notice:  session_start(): Ignoring session_start() because a session is already active in C:\xampp\htdocs\dashboard\book_store\ajax\add_to_cart.php on line 11
[04-May-2025 01:28:01 Asia/Riyadh] PHP Notice:  session_start(): Ignoring session_start() because a session is already active in C:\xampp\htdocs\dashboard\book_store\ajax\add_to_cart.php on line 11
[04-May-2025 01:34:45 Asia/Riyadh] PHP Notice:  session_start(): Ignoring session_start() because a session is already active in C:\xampp\htdocs\dashboard\book_store\ajax\add_to_cart.php on line 11
[04-May-2025 01:39:10 Asia/Riyadh] PHP Notice:  session_start(): Ignoring session_start() because a session is already active in C:\xampp\htdocs\dashboard\book_store\ajax\add_to_cart.php on line 11
[04-May-2025 01:41:43 Asia/Riyadh] PHP Notice:  session_start(): Ignoring session_start() because a session is already active in C:\xampp\htdocs\dashboard\book_store\ajax\add_to_cart.php on line 11
[04-May-2025 01:42:04 Asia/Riyadh] PHP Warning:  Undefined array key "total_amount" in C:\xampp\htdocs\dashboard\book_store\admin\orders.php on line 161
[04-May-2025 01:42:04 Asia/Riyadh] PHP Deprecated:  number_format(): Passing null to parameter #1 ($num) of type float is deprecated in C:\xampp\htdocs\dashboard\book_store\includes\functions.php on line 74
[04-May-2025 01:42:04 Asia/Riyadh] PHP Warning:  Undefined array key "total_amount" in C:\xampp\htdocs\dashboard\book_store\admin\orders.php on line 161
[04-May-2025 01:42:04 Asia/Riyadh] PHP Deprecated:  number_format(): Passing null to parameter #1 ($num) of type float is deprecated in C:\xampp\htdocs\dashboard\book_store\includes\functions.php on line 74
[04-May-2025 01:42:04 Asia/Riyadh] PHP Warning:  Undefined array key "total_amount" in C:\xampp\htdocs\dashboard\book_store\admin\orders.php on line 161
[04-May-2025 01:42:04 Asia/Riyadh] PHP Deprecated:  number_format(): Passing null to parameter #1 ($num) of type float is deprecated in C:\xampp\htdocs\dashboard\book_store\includes\functions.php on line 74
[04-May-2025 01:42:47 Asia/Riyadh] PHP Warning:  Undefined array key "author" in C:\xampp\htdocs\dashboard\book_store\admin\book-edit.php on line 221
[04-May-2025 01:42:47 Asia/Riyadh] PHP Deprecated:  htmlspecialchars(): Passing null to parameter #1 ($string) of type string is deprecated in C:\xampp\htdocs\dashboard\book_store\admin\book-edit.php on line 221
[04-May-2025 01:45:05 Asia/Riyadh] PHP Warning:  Undefined array key "total_amount" in C:\xampp\htdocs\dashboard\book_store\admin\orders.php on line 161
[04-May-2025 01:45:05 Asia/Riyadh] PHP Deprecated:  number_format(): Passing null to parameter #1 ($num) of type float is deprecated in C:\xampp\htdocs\dashboard\book_store\includes\functions.php on line 74
[04-May-2025 01:45:05 Asia/Riyadh] PHP Warning:  Undefined array key "total_amount" in C:\xampp\htdocs\dashboard\book_store\admin\orders.php on line 161
[04-May-2025 01:45:05 Asia/Riyadh] PHP Deprecated:  number_format(): Passing null to parameter #1 ($num) of type float is deprecated in C:\xampp\htdocs\dashboard\book_store\includes\functions.php on line 74
[04-May-2025 01:45:05 Asia/Riyadh] PHP Warning:  Undefined array key "total_amount" in C:\xampp\htdocs\dashboard\book_store\admin\orders.php on line 161
[04-May-2025 01:45:05 Asia/Riyadh] PHP Deprecated:  number_format(): Passing null to parameter #1 ($num) of type float is deprecated in C:\xampp\htdocs\dashboard\book_store\includes\functions.php on line 74
[04-May-2025 01:45:12 Asia/Riyadh] PHP Warning:  Undefined array key "total_amount" in C:\xampp\htdocs\dashboard\book_store\admin\orders.php on line 161
[04-May-2025 01:45:12 Asia/Riyadh] PHP Deprecated:  number_format(): Passing null to parameter #1 ($num) of type float is deprecated in C:\xampp\htdocs\dashboard\book_store\includes\functions.php on line 74
[04-May-2025 01:45:12 Asia/Riyadh] PHP Warning:  Undefined array key "total_amount" in C:\xampp\htdocs\dashboard\book_store\admin\orders.php on line 161
[04-May-2025 01:45:12 Asia/Riyadh] PHP Deprecated:  number_format(): Passing null to parameter #1 ($num) of type float is deprecated in C:\xampp\htdocs\dashboard\book_store\includes\functions.php on line 74
[04-May-2025 01:45:12 Asia/Riyadh] PHP Warning:  Undefined array key "total_amount" in C:\xampp\htdocs\dashboard\book_store\admin\orders.php on line 161
[04-May-2025 01:45:12 Asia/Riyadh] PHP Deprecated:  number_format(): Passing null to parameter #1 ($num) of type float is deprecated in C:\xampp\htdocs\dashboard\book_store\includes\functions.php on line 74
[04-May-2025 01:45:12 Asia/Riyadh] PHP Warning:  Undefined array key "total_amount" in C:\xampp\htdocs\dashboard\book_store\admin\orders.php on line 161
[04-May-2025 01:45:12 Asia/Riyadh] PHP Deprecated:  number_format(): Passing null to parameter #1 ($num) of type float is deprecated in C:\xampp\htdocs\dashboard\book_store\includes\functions.php on line 74
[04-May-2025 01:45:12 Asia/Riyadh] PHP Warning:  Undefined array key "total_amount" in C:\xampp\htdocs\dashboard\book_store\admin\orders.php on line 161
[04-May-2025 01:45:12 Asia/Riyadh] PHP Deprecated:  number_format(): Passing null to parameter #1 ($num) of type float is deprecated in C:\xampp\htdocs\dashboard\book_store\includes\functions.php on line 74
[04-May-2025 01:45:12 Asia/Riyadh] PHP Warning:  Undefined array key "total_amount" in C:\xampp\htdocs\dashboard\book_store\admin\orders.php on line 161
[04-May-2025 01:45:12 Asia/Riyadh] PHP Deprecated:  number_format(): Passing null to parameter #1 ($num) of type float is deprecated in C:\xampp\htdocs\dashboard\book_store\includes\functions.php on line 74
[04-May-2025 01:45:13 Asia/Riyadh] PHP Deprecated:  htmlspecialchars(): Passing null to parameter #1 ($string) of type string is deprecated in C:\xampp\htdocs\dashboard\book_store\admin\settings.php on line 263
[04-May-2025 01:45:13 Asia/Riyadh] PHP Deprecated:  htmlspecialchars(): Passing null to parameter #1 ($string) of type string is deprecated in C:\xampp\htdocs\dashboard\book_store\admin\settings.php on line 269
[04-May-2025 01:45:13 Asia/Riyadh] PHP Deprecated:  htmlspecialchars(): Passing null to parameter #1 ($string) of type string is deprecated in C:\xampp\htdocs\dashboard\book_store\admin\settings.php on line 275
[04-May-2025 01:47:16 Asia/Riyadh] PHP Deprecated:  htmlspecialchars(): Passing null to parameter #1 ($string) of type string is deprecated in C:\xampp\htdocs\dashboard\book_store\admin\settings.php on line 263
[04-May-2025 01:47:16 Asia/Riyadh] PHP Deprecated:  htmlspecialchars(): Passing null to parameter #1 ($string) of type string is deprecated in C:\xampp\htdocs\dashboard\book_store\admin\settings.php on line 269
[04-May-2025 01:47:16 Asia/Riyadh] PHP Deprecated:  htmlspecialchars(): Passing null to parameter #1 ($string) of type string is deprecated in C:\xampp\htdocs\dashboard\book_store\admin\settings.php on line 275
[04-May-2025 01:48:35 Asia/Riyadh] PHP Deprecated:  htmlspecialchars(): Passing null to parameter #1 ($string) of type string is deprecated in C:\xampp\htdocs\dashboard\book_store\admin\settings.php on line 263
[04-May-2025 01:48:35 Asia/Riyadh] PHP Deprecated:  htmlspecialchars(): Passing null to parameter #1 ($string) of type string is deprecated in C:\xampp\htdocs\dashboard\book_store\admin\settings.php on line 269
[04-May-2025 01:48:35 Asia/Riyadh] PHP Deprecated:  htmlspecialchars(): Passing null to parameter #1 ($string) of type string is deprecated in C:\xampp\htdocs\dashboard\book_store\admin\settings.php on line 275
[04-May-2025 01:51:59 Asia/Riyadh] PHP Deprecated:  htmlspecialchars(): Passing null to parameter #1 ($string) of type string is deprecated in C:\xampp\htdocs\dashboard\book_store\admin\settings.php on line 263
[04-May-2025 01:51:59 Asia/Riyadh] PHP Deprecated:  htmlspecialchars(): Passing null to parameter #1 ($string) of type string is deprecated in C:\xampp\htdocs\dashboard\book_store\admin\settings.php on line 269
[04-May-2025 01:51:59 Asia/Riyadh] PHP Deprecated:  htmlspecialchars(): Passing null to parameter #1 ($string) of type string is deprecated in C:\xampp\htdocs\dashboard\book_store\admin\settings.php on line 275
[04-May-2025 01:57:21 Asia/Riyadh] PHP Notice:  session_start(): Ignoring session_start() because a session is already active in C:\xampp\htdocs\dashboard\book_store\ajax\add_to_cart.php on line 11
[04-May-2025 02:03:29 Asia/Riyadh] PHP Fatal error:  Uncaught mysqli_sql_exception: Unknown column 'total_amount' in 'where clause' in C:\xampp\htdocs\dashboard\book_store\admin\fix_orders.php:12
Stack trace:
#0 C:\xampp\htdocs\dashboard\book_store\admin\fix_orders.php(12): mysqli->query('UPDATE orders S...')
#1 {main}
  thrown in C:\xampp\htdocs\dashboard\book_store\admin\fix_orders.php on line 12
[04-May-2025 02:05:45 Asia/Riyadh] PHP Deprecated:  htmlspecialchars(): Passing null to parameter #1 ($string) of type string is deprecated in C:\xampp\htdocs\dashboard\book_store\admin\settings.php on line 263
[04-May-2025 02:05:45 Asia/Riyadh] PHP Deprecated:  htmlspecialchars(): Passing null to parameter #1 ($string) of type string is deprecated in C:\xampp\htdocs\dashboard\book_store\admin\settings.php on line 269
[04-May-2025 02:05:45 Asia/Riyadh] PHP Deprecated:  htmlspecialchars(): Passing null to parameter #1 ($string) of type string is deprecated in C:\xampp\htdocs\dashboard\book_store\admin\settings.php on line 275
[04-May-2025 02:12:30 Asia/Riyadh] PHP Deprecated:  htmlspecialchars(): Passing null to parameter #1 ($string) of type string is deprecated in C:\xampp\htdocs\dashboard\book_store\admin\settings.php on line 263
[04-May-2025 02:12:30 Asia/Riyadh] PHP Deprecated:  htmlspecialchars(): Passing null to parameter #1 ($string) of type string is deprecated in C:\xampp\htdocs\dashboard\book_store\admin\settings.php on line 269
[04-May-2025 02:12:30 Asia/Riyadh] PHP Deprecated:  htmlspecialchars(): Passing null to parameter #1 ($string) of type string is deprecated in C:\xampp\htdocs\dashboard\book_store\admin\settings.php on line 275
[04-May-2025 02:13:52 Asia/Riyadh] PHP Notice:  session_start(): Ignoring session_start() because a session is already active in C:\xampp\htdocs\dashboard\book_store\ajax\add_to_cart.php on line 11
[04-May-2025 02:25:24 Asia/Riyadh] PHP Deprecated:  htmlspecialchars(): Passing null to parameter #1 ($string) of type string is deprecated in C:\xampp\htdocs\dashboard\book_store\admin\settings.php on line 263
[04-May-2025 02:25:24 Asia/Riyadh] PHP Deprecated:  htmlspecialchars(): Passing null to parameter #1 ($string) of type string is deprecated in C:\xampp\htdocs\dashboard\book_store\admin\settings.php on line 269
[04-May-2025 02:25:24 Asia/Riyadh] PHP Deprecated:  htmlspecialchars(): Passing null to parameter #1 ($string) of type string is deprecated in C:\xampp\htdocs\dashboard\book_store\admin\settings.php on line 275
[04-May-2025 18:50:22 Asia/Riyadh] PHP Notice:  session_start(): Ignoring session_start() because a session is already active in C:\xampp\htdocs\dashboard\book_store\ajax\add_to_cart.php on line 11
[04-May-2025 19:03:08 Asia/Riyadh] PHP Deprecated:  htmlspecialchars(): Passing null to parameter #1 ($string) of type string is deprecated in C:\xampp\htdocs\dashboard\book_store\admin\settings.php on line 263
[04-May-2025 19:03:08 Asia/Riyadh] PHP Deprecated:  htmlspecialchars(): Passing null to parameter #1 ($string) of type string is deprecated in C:\xampp\htdocs\dashboard\book_store\admin\settings.php on line 269
[04-May-2025 19:03:08 Asia/Riyadh] PHP Deprecated:  htmlspecialchars(): Passing null to parameter #1 ($string) of type string is deprecated in C:\xampp\htdocs\dashboard\book_store\admin\settings.php on line 275
[04-May-2025 19:03:33 Asia/Riyadh] PHP Deprecated:  htmlspecialchars(): Passing null to parameter #1 ($string) of type string is deprecated in C:\xampp\htdocs\dashboard\book_store\admin\settings.php on line 263
[04-May-2025 19:03:33 Asia/Riyadh] PHP Deprecated:  htmlspecialchars(): Passing null to parameter #1 ($string) of type string is deprecated in C:\xampp\htdocs\dashboard\book_store\admin\settings.php on line 269
[04-May-2025 19:03:33 Asia/Riyadh] PHP Deprecated:  htmlspecialchars(): Passing null to parameter #1 ($string) of type string is deprecated in C:\xampp\htdocs\dashboard\book_store\admin\settings.php on line 275
[04-May-2025 19:12:34 Asia/Riyadh] PHP Notice:  session_start(): Ignoring session_start() because a session is already active in C:\xampp\htdocs\dashboard\book_store\ajax\add_to_cart.php on line 11
[04-May-2025 19:21:08 Asia/Riyadh] PHP Notice:  session_start(): Ignoring session_start() because a session is already active in C:\xampp\htdocs\dashboard\book_store\ajax\add_to_cart.php on line 11
[04-May-2025 19:21:37 Asia/Riyadh] PHP Deprecated:  htmlspecialchars(): Passing null to parameter #1 ($string) of type string is deprecated in C:\xampp\htdocs\dashboard\book_store\admin\settings.php on line 263
[04-May-2025 19:21:37 Asia/Riyadh] PHP Deprecated:  htmlspecialchars(): Passing null to parameter #1 ($string) of type string is deprecated in C:\xampp\htdocs\dashboard\book_store\admin\settings.php on line 269
[04-May-2025 19:21:37 Asia/Riyadh] PHP Deprecated:  htmlspecialchars(): Passing null to parameter #1 ($string) of type string is deprecated in C:\xampp\htdocs\dashboard\book_store\admin\settings.php on line 275
[04-May-2025 19:23:11 Asia/Riyadh] PHP Deprecated:  htmlspecialchars(): Passing null to parameter #1 ($string) of type string is deprecated in C:\xampp\htdocs\dashboard\book_store\admin\settings.php on line 263
[04-May-2025 19:23:11 Asia/Riyadh] PHP Deprecated:  htmlspecialchars(): Passing null to parameter #1 ($string) of type string is deprecated in C:\xampp\htdocs\dashboard\book_store\admin\settings.php on line 269
[04-May-2025 19:23:11 Asia/Riyadh] PHP Deprecated:  htmlspecialchars(): Passing null to parameter #1 ($string) of type string is deprecated in C:\xampp\htdocs\dashboard\book_store\admin\settings.php on line 275
[04-May-2025 19:53:41 Asia/Riyadh] PHP Notice:  session_start(): Ignoring session_start() because a session is already active in C:\xampp\htdocs\dashboard\book_store\ajax\add_to_cart.php on line 11
[04-May-2025 20:09:19 Asia/Riyadh] PHP Deprecated:  htmlspecialchars(): Passing null to parameter #1 ($string) of type string is deprecated in C:\xampp\htdocs\dashboard\book_store\admin\settings.php on line 263
[04-May-2025 20:09:19 Asia/Riyadh] PHP Deprecated:  htmlspecialchars(): Passing null to parameter #1 ($string) of type string is deprecated in C:\xampp\htdocs\dashboard\book_store\admin\settings.php on line 269
[04-May-2025 20:09:19 Asia/Riyadh] PHP Deprecated:  htmlspecialchars(): Passing null to parameter #1 ($string) of type string is deprecated in C:\xampp\htdocs\dashboard\book_store\admin\settings.php on line 275
[04-May-2025 20:15:49 Asia/Riyadh] PHP Deprecated:  htmlspecialchars(): Passing null to parameter #1 ($string) of type string is deprecated in C:\xampp\htdocs\dashboard\book_store\admin\settings.php on line 263
[04-May-2025 20:15:49 Asia/Riyadh] PHP Deprecated:  htmlspecialchars(): Passing null to parameter #1 ($string) of type string is deprecated in C:\xampp\htdocs\dashboard\book_store\admin\settings.php on line 269
[04-May-2025 20:15:49 Asia/Riyadh] PHP Deprecated:  htmlspecialchars(): Passing null to parameter #1 ($string) of type string is deprecated in C:\xampp\htdocs\dashboard\book_store\admin\settings.php on line 275
[04-May-2025 20:15:52 Asia/Riyadh] PHP Deprecated:  htmlspecialchars(): Passing null to parameter #1 ($string) of type string is deprecated in C:\xampp\htdocs\dashboard\book_store\admin\settings.php on line 263
[04-May-2025 20:15:52 Asia/Riyadh] PHP Deprecated:  htmlspecialchars(): Passing null to parameter #1 ($string) of type string is deprecated in C:\xampp\htdocs\dashboard\book_store\admin\settings.php on line 269
[04-May-2025 20:15:52 Asia/Riyadh] PHP Deprecated:  htmlspecialchars(): Passing null to parameter #1 ($string) of type string is deprecated in C:\xampp\htdocs\dashboard\book_store\admin\settings.php on line 275
[04-May-2025 20:32:44 Asia/Riyadh] PHP Notice:  session_start(): Ignoring session_start() because a session is already active in C:\xampp\htdocs\dashboard\book_store\ajax\add_to_cart.php on line 11
[04-May-2025 20:35:25 Asia/Riyadh] PHP Fatal error:  Uncaught mysqli_sql_exception: Unknown column 'author' in 'field list' in C:\xampp\htdocs\dashboard\book_store\admin\book-edit.php:136
Stack trace:
#0 C:\xampp\htdocs\dashboard\book_store\admin\book-edit.php(136): mysqli->prepare('UPDATE books SE...')
#1 {main}
  thrown in C:\xampp\htdocs\dashboard\book_store\admin\book-edit.php on line 136
[04-May-2025 20:49:27 Asia/Riyadh] PHP Fatal error:  Uncaught mysqli_sql_exception: Unknown column 'author' in 'field list' in C:\xampp\htdocs\dashboard\book_store\admin\book-edit.php:136
Stack trace:
#0 C:\xampp\htdocs\dashboard\book_store\admin\book-edit.php(136): mysqli->prepare('UPDATE books SE...')
#1 {main}
  thrown in C:\xampp\htdocs\dashboard\book_store\admin\book-edit.php on line 136
[04-May-2025 20:54:39 Asia/Riyadh] PHP Warning:  Undefined array key "author" in C:\xampp\htdocs\dashboard\book_store\index.php on line 297
[04-May-2025 20:54:39 Asia/Riyadh] PHP Warning:  Undefined array key "author" in C:\xampp\htdocs\dashboard\book_store\index.php on line 297
[04-May-2025 20:54:39 Asia/Riyadh] PHP Warning:  Undefined array key "author" in C:\xampp\htdocs\dashboard\book_store\index.php on line 297
[04-May-2025 20:54:39 Asia/Riyadh] PHP Warning:  Undefined array key "author" in C:\xampp\htdocs\dashboard\book_store\index.php on line 297
[04-May-2025 20:54:39 Asia/Riyadh] PHP Warning:  Undefined array key "author" in C:\xampp\htdocs\dashboard\book_store\index.php on line 297
[04-May-2025 20:54:39 Asia/Riyadh] PHP Warning:  Undefined array key "author" in C:\xampp\htdocs\dashboard\book_store\index.php on line 297
[04-May-2025 20:54:39 Asia/Riyadh] PHP Warning:  Undefined array key "author" in C:\xampp\htdocs\dashboard\book_store\index.php on line 297
[04-May-2025 20:54:39 Asia/Riyadh] PHP Warning:  Undefined array key "author" in C:\xampp\htdocs\dashboard\book_store\index.php on line 297
[04-May-2025 20:54:51 Asia/Riyadh] PHP Warning:  Undefined array key "author" in C:\xampp\htdocs\dashboard\book_store\index.php on line 297
[04-May-2025 20:54:51 Asia/Riyadh] PHP Warning:  Undefined array key "author" in C:\xampp\htdocs\dashboard\book_store\index.php on line 297
[04-May-2025 20:54:51 Asia/Riyadh] PHP Warning:  Undefined array key "author" in C:\xampp\htdocs\dashboard\book_store\index.php on line 297
[04-May-2025 20:54:51 Asia/Riyadh] PHP Warning:  Undefined array key "author" in C:\xampp\htdocs\dashboard\book_store\index.php on line 297
[04-May-2025 20:54:51 Asia/Riyadh] PHP Warning:  Undefined array key "author" in C:\xampp\htdocs\dashboard\book_store\index.php on line 297
[04-May-2025 20:54:51 Asia/Riyadh] PHP Warning:  Undefined array key "author" in C:\xampp\htdocs\dashboard\book_store\index.php on line 297
[04-May-2025 20:54:51 Asia/Riyadh] PHP Warning:  Undefined array key "author" in C:\xampp\htdocs\dashboard\book_store\index.php on line 297
[04-May-2025 20:54:51 Asia/Riyadh] PHP Warning:  Undefined array key "author" in C:\xampp\htdocs\dashboard\book_store\index.php on line 297
[04-May-2025 20:54:55 Asia/Riyadh] PHP Warning:  Undefined array key "author" in C:\xampp\htdocs\dashboard\book_store\index.php on line 297
[04-May-2025 20:54:55 Asia/Riyadh] PHP Warning:  Undefined array key "author" in C:\xampp\htdocs\dashboard\book_store\index.php on line 297
[04-May-2025 20:54:55 Asia/Riyadh] PHP Warning:  Undefined array key "author" in C:\xampp\htdocs\dashboard\book_store\index.php on line 297
[04-May-2025 20:54:55 Asia/Riyadh] PHP Warning:  Undefined array key "author" in C:\xampp\htdocs\dashboard\book_store\index.php on line 297
[04-May-2025 20:54:55 Asia/Riyadh] PHP Warning:  Undefined array key "author" in C:\xampp\htdocs\dashboard\book_store\index.php on line 297
[04-May-2025 20:54:55 Asia/Riyadh] PHP Warning:  Undefined array key "author" in C:\xampp\htdocs\dashboard\book_store\index.php on line 297
[04-May-2025 20:54:55 Asia/Riyadh] PHP Warning:  Undefined array key "author" in C:\xampp\htdocs\dashboard\book_store\index.php on line 297
[04-May-2025 20:54:55 Asia/Riyadh] PHP Warning:  Undefined array key "author" in C:\xampp\htdocs\dashboard\book_store\index.php on line 297
[04-May-2025 20:57:45 Asia/Riyadh] PHP Fatal error:  Uncaught mysqli_sql_exception: Unknown column 'author' in 'field list' in C:\xampp\htdocs\dashboard\book_store\admin\book-edit.php:136
Stack trace:
#0 C:\xampp\htdocs\dashboard\book_store\admin\book-edit.php(136): mysqli->prepare('UPDATE books SE...')
#1 {main}
  thrown in C:\xampp\htdocs\dashboard\book_store\admin\book-edit.php on line 136
[04-May-2025 21:08:10 Asia/Riyadh] PHP Deprecated:  htmlspecialchars(): Passing null to parameter #1 ($string) of type string is deprecated in C:\xampp\htdocs\dashboard\book_store\admin\settings.php on line 263
[04-May-2025 21:08:10 Asia/Riyadh] PHP Deprecated:  htmlspecialchars(): Passing null to parameter #1 ($string) of type string is deprecated in C:\xampp\htdocs\dashboard\book_store\admin\settings.php on line 269
[04-May-2025 21:08:10 Asia/Riyadh] PHP Deprecated:  htmlspecialchars(): Passing null to parameter #1 ($string) of type string is deprecated in C:\xampp\htdocs\dashboard\book_store\admin\settings.php on line 275
[04-May-2025 21:36:06 Asia/Riyadh] PHP Deprecated:  htmlspecialchars(): Passing null to parameter #1 ($string) of type string is deprecated in C:\xampp\htdocs\dashboard\book_store\admin\settings.php on line 263
[04-May-2025 21:36:06 Asia/Riyadh] PHP Deprecated:  htmlspecialchars(): Passing null to parameter #1 ($string) of type string is deprecated in C:\xampp\htdocs\dashboard\book_store\admin\settings.php on line 269
[04-May-2025 21:36:06 Asia/Riyadh] PHP Deprecated:  htmlspecialchars(): Passing null to parameter #1 ($string) of type string is deprecated in C:\xampp\htdocs\dashboard\book_store\admin\settings.php on line 275
[04-May-2025 23:56:59 Asia/Riyadh] PHP Notice:  session_start(): Ignoring session_start() because a session is already active in C:\xampp\htdocs\dashboard\book_store\ajax\add_to_cart.php on line 11
[04-May-2025 23:59:18 Asia/Riyadh] PHP Fatal error:  Uncaught mysqli_sql_exception: COLLATION 'utf8mb4_unicode_ci' is not valid for CHARACTER SET 'binary' in C:\xampp\htdocs\dashboard\book_store\search.php:100
Stack trace:
#0 C:\xampp\htdocs\dashboard\book_store\search.php(100): mysqli->prepare('SELECT id FROM ...')
#1 {main}
  thrown in C:\xampp\htdocs\dashboard\book_store\search.php on line 100
[05-May-2025 00:00:49 Asia/Riyadh] PHP Notice:  session_start(): Ignoring session_start() because a session is already active in C:\xampp\htdocs\dashboard\book_store\ajax\add_to_cart.php on line 11
[05-May-2025 00:05:21 Asia/Riyadh] PHP Notice:  session_start(): Ignoring session_start() because a session is already active in C:\xampp\htdocs\dashboard\book_store\ajax\add_to_cart.php on line 11
[05-May-2025 00:06:59 Asia/Riyadh] PHP Fatal error:  Uncaught mysqli_sql_exception: COLLATION 'utf8mb4_unicode_ci' is not valid for CHARACTER SET 'binary' in C:\xampp\htdocs\dashboard\book_store\search.php:100
Stack trace:
#0 C:\xampp\htdocs\dashboard\book_store\search.php(100): mysqli->prepare('SELECT id FROM ...')
#1 {main}
  thrown in C:\xampp\htdocs\dashboard\book_store\search.php on line 100
[05-May-2025 00:19:06 Asia/Riyadh] PHP Deprecated:  htmlspecialchars(): Passing null to parameter #1 ($string) of type string is deprecated in C:\xampp\htdocs\dashboard\book_store\admin\settings.php on line 263
[05-May-2025 00:19:06 Asia/Riyadh] PHP Deprecated:  htmlspecialchars(): Passing null to parameter #1 ($string) of type string is deprecated in C:\xampp\htdocs\dashboard\book_store\admin\settings.php on line 269
[05-May-2025 00:19:06 Asia/Riyadh] PHP Deprecated:  htmlspecialchars(): Passing null to parameter #1 ($string) of type string is deprecated in C:\xampp\htdocs\dashboard\book_store\admin\settings.php on line 275
[05-May-2025 00:19:17 Asia/Riyadh] PHP Deprecated:  htmlspecialchars(): Passing null to parameter #1 ($string) of type string is deprecated in C:\xampp\htdocs\dashboard\book_store\admin\settings.php on line 263
[05-May-2025 00:19:17 Asia/Riyadh] PHP Deprecated:  htmlspecialchars(): Passing null to parameter #1 ($string) of type string is deprecated in C:\xampp\htdocs\dashboard\book_store\admin\settings.php on line 269
[05-May-2025 00:19:17 Asia/Riyadh] PHP Deprecated:  htmlspecialchars(): Passing null to parameter #1 ($string) of type string is deprecated in C:\xampp\htdocs\dashboard\book_store\admin\settings.php on line 275
[05-May-2025 00:19:28 Asia/Riyadh] PHP Deprecated:  htmlspecialchars(): Passing null to parameter #1 ($string) of type string is deprecated in C:\xampp\htdocs\dashboard\book_store\admin\settings.php on line 263
[05-May-2025 00:19:28 Asia/Riyadh] PHP Deprecated:  htmlspecialchars(): Passing null to parameter #1 ($string) of type string is deprecated in C:\xampp\htdocs\dashboard\book_store\admin\settings.php on line 269
[05-May-2025 00:19:28 Asia/Riyadh] PHP Deprecated:  htmlspecialchars(): Passing null to parameter #1 ($string) of type string is deprecated in C:\xampp\htdocs\dashboard\book_store\admin\settings.php on line 275
[05-May-2025 00:25:08 Asia/Riyadh] PHP Deprecated:  htmlspecialchars(): Passing null to parameter #1 ($string) of type string is deprecated in C:\xampp\htdocs\dashboard\book_store\admin\settings.php on line 263
[05-May-2025 00:25:08 Asia/Riyadh] PHP Deprecated:  htmlspecialchars(): Passing null to parameter #1 ($string) of type string is deprecated in C:\xampp\htdocs\dashboard\book_store\admin\settings.php on line 269
[05-May-2025 00:25:08 Asia/Riyadh] PHP Deprecated:  htmlspecialchars(): Passing null to parameter #1 ($string) of type string is deprecated in C:\xampp\htdocs\dashboard\book_store\admin\settings.php on line 275
[05-May-2025 00:25:20 Asia/Riyadh] PHP Deprecated:  htmlspecialchars(): Passing null to parameter #1 ($string) of type string is deprecated in C:\xampp\htdocs\dashboard\book_store\admin\settings.php on line 263
[05-May-2025 00:25:20 Asia/Riyadh] PHP Deprecated:  htmlspecialchars(): Passing null to parameter #1 ($string) of type string is deprecated in C:\xampp\htdocs\dashboard\book_store\admin\settings.php on line 269
[05-May-2025 00:25:20 Asia/Riyadh] PHP Deprecated:  htmlspecialchars(): Passing null to parameter #1 ($string) of type string is deprecated in C:\xampp\htdocs\dashboard\book_store\admin\settings.php on line 275
[05-May-2025 00:28:39 Asia/Riyadh] PHP Deprecated:  htmlspecialchars(): Passing null to parameter #1 ($string) of type string is deprecated in C:\xampp\htdocs\dashboard\book_store\admin\settings.php on line 250
[05-May-2025 00:28:39 Asia/Riyadh] PHP Deprecated:  htmlspecialchars(): Passing null to parameter #1 ($string) of type string is deprecated in C:\xampp\htdocs\dashboard\book_store\admin\settings.php on line 256
[05-May-2025 00:28:39 Asia/Riyadh] PHP Deprecated:  htmlspecialchars(): Passing null to parameter #1 ($string) of type string is deprecated in C:\xampp\htdocs\dashboard\book_store\admin\settings.php on line 262
[05-May-2025 00:28:41 Asia/Riyadh] PHP Deprecated:  htmlspecialchars(): Passing null to parameter #1 ($string) of type string is deprecated in C:\xampp\htdocs\dashboard\book_store\admin\settings.php on line 250
[05-May-2025 00:28:41 Asia/Riyadh] PHP Deprecated:  htmlspecialchars(): Passing null to parameter #1 ($string) of type string is deprecated in C:\xampp\htdocs\dashboard\book_store\admin\settings.php on line 256
[05-May-2025 00:28:41 Asia/Riyadh] PHP Deprecated:  htmlspecialchars(): Passing null to parameter #1 ($string) of type string is deprecated in C:\xampp\htdocs\dashboard\book_store\admin\settings.php on line 262
[05-May-2025 00:28:45 Asia/Riyadh] PHP Deprecated:  htmlspecialchars(): Passing null to parameter #1 ($string) of type string is deprecated in C:\xampp\htdocs\dashboard\book_store\admin\settings.php on line 250
[05-May-2025 00:28:45 Asia/Riyadh] PHP Deprecated:  htmlspecialchars(): Passing null to parameter #1 ($string) of type string is deprecated in C:\xampp\htdocs\dashboard\book_store\admin\settings.php on line 256
[05-May-2025 00:28:45 Asia/Riyadh] PHP Deprecated:  htmlspecialchars(): Passing null to parameter #1 ($string) of type string is deprecated in C:\xampp\htdocs\dashboard\book_store\admin\settings.php on line 262
[05-May-2025 00:29:19 Asia/Riyadh] PHP Deprecated:  htmlspecialchars(): Passing null to parameter #1 ($string) of type string is deprecated in C:\xampp\htdocs\dashboard\book_store\admin\settings.php on line 250
[05-May-2025 00:29:19 Asia/Riyadh] PHP Deprecated:  htmlspecialchars(): Passing null to parameter #1 ($string) of type string is deprecated in C:\xampp\htdocs\dashboard\book_store\admin\settings.php on line 256
[05-May-2025 00:29:19 Asia/Riyadh] PHP Deprecated:  htmlspecialchars(): Passing null to parameter #1 ($string) of type string is deprecated in C:\xampp\htdocs\dashboard\book_store\admin\settings.php on line 262
[05-May-2025 00:47:13 Asia/Riyadh] PHP Notice:  session_start(): Ignoring session_start() because a session is already active in C:\xampp\htdocs\dashboard\book_store\ajax\add_to_cart.php on line 11
[06-May-2025 00:21:29 Asia/Riyadh] PHP Notice:  session_start(): Ignoring session_start() because a session is already active in C:\xampp\htdocs\dashboard\book_store\ajax\add_to_cart.php on line 11
[06-May-2025 00:21:35 Asia/Riyadh] PHP Notice:  session_start(): Ignoring session_start() because a session is already active in C:\xampp\htdocs\dashboard\book_store\ajax\add_to_cart.php on line 11
[06-May-2025 00:24:26 Asia/Riyadh] PHP Notice:  session_start(): Ignoring session_start() because a session is already active in C:\xampp\htdocs\dashboard\book_store\ajax\add_to_cart.php on line 11
[12-May-2025 11:18:53 Asia/Riyadh] PHP Notice:  session_start(): Ignoring session_start() because a session is already active in C:\xampp\htdocs\dashboard\book_store\ajax\add_to_cart.php on line 11
[12-May-2025 11:51:32 Asia/Riyadh] PHP Notice:  session_start(): Ignoring session_start() because a session is already active in C:\xampp\htdocs\dashboard\book_store\ajax\add_to_cart.php on line 11
[12-May-2025 11:52:09 Asia/Riyadh] PHP Notice:  session_start(): Ignoring session_start() because a session is already active in C:\xampp\htdocs\dashboard\book_store\ajax\add_to_cart.php on line 11
[12-May-2025 11:52:22 Asia/Riyadh] PHP Notice:  session_start(): Ignoring session_start() because a session is already active in C:\xampp\htdocs\dashboard\book_store\ajax\add_to_cart.php on line 11
[12-May-2025 11:54:37 Asia/Riyadh] PHP Notice:  session_start(): Ignoring session_start() because a session is already active in C:\xampp\htdocs\dashboard\book_store\ajax\add_to_cart.php on line 11
[12-May-2025 23:34:23 Asia/Riyadh] PHP Notice:  session_start(): Ignoring session_start() because a session is already active in C:\xampp\htdocs\dashboard\book_store\ajax\add_to_cart.php on line 11
[12-May-2025 23:44:41 Asia/Riyadh] PHP Notice:  session_start(): Ignoring session_start() because a session is already active in C:\xampp\htdocs\dashboard\book_store\ajax\add_to_cart.php on line 11
[13-May-2025 00:12:36 Asia/Riyadh] PHP Notice:  session_start(): Ignoring session_start() because a session is already active in C:\xampp\htdocs\dashboard\book_store\ajax\add_to_cart.php on line 11
[13-May-2025 00:13:03 Asia/Riyadh] PHP Warning:  session_destroy(): Trying to destroy uninitialized session in C:\xampp\htdocs\dashboard\book_store\includes\auth.php on line 54
[13-May-2025 08:13:28 Asia/Riyadh] PHP Deprecated:  htmlspecialchars(): Passing null to parameter #1 ($string) of type string is deprecated in C:\xampp\htdocs\dashboard\book_store\index.php on line 358
[13-May-2025 08:13:53 Asia/Riyadh] PHP Deprecated:  htmlspecialchars(): Passing null to parameter #1 ($string) of type string is deprecated in C:\xampp\htdocs\dashboard\book_store\index.php on line 358
[13-May-2025 08:13:57 Asia/Riyadh] PHP Notice:  session_start(): Ignoring session_start() because a session is already active in C:\xampp\htdocs\dashboard\book_store\ajax\add_to_cart.php on line 11
[13-May-2025 08:14:07 Asia/Riyadh] PHP Deprecated:  htmlspecialchars(): Passing null to parameter #1 ($string) of type string is deprecated in C:\xampp\htdocs\dashboard\book_store\order.php on line 155
[13-May-2025 08:14:32 Asia/Riyadh] PHP Warning:  Cannot modify header information - headers already sent by (output started at C:\xampp\htdocs\dashboard\book_store\admin\header.php:145) in C:\xampp\htdocs\dashboard\book_store\admin\books.php on line 45
[13-May-2025 08:22:38 Asia/Riyadh] PHP Warning:  Cannot modify header information - headers already sent by (output started at C:\xampp\htdocs\dashboard\book_store\admin\header.php:145) in C:\xampp\htdocs\dashboard\book_store\admin\books.php on line 59
[13-May-2025 08:30:28 Asia/Riyadh] PHP Notice:  session_start(): Ignoring session_start() because a session is already active in C:\xampp\htdocs\dashboard\book_store\ajax\add_to_cart.php on line 11
[13-May-2025 08:34:00 Asia/Riyadh] PHP Warning:  session_destroy(): Trying to destroy uninitialized session in C:\xampp\htdocs\dashboard\book_store\includes\auth.php on line 54
[13-May-2025 08:35:04 Asia/Riyadh] PHP Notice:  session_start(): Ignoring session_start() because a session is already active in C:\xampp\htdocs\dashboard\book_store\ajax\add_to_cart.php on line 11
[13-May-2025 11:00:47 Asia/Riyadh] PHP Notice:  session_start(): Ignoring session_start() because a session is already active in C:\xampp\htdocs\dashboard\book_store\ajax\add_to_cart.php on line 11
[13-May-2025 11:38:58 Asia/Riyadh] PHP Warning:  session_destroy(): Trying to destroy uninitialized session in C:\xampp\htdocs\dashboard\book_store\includes\auth.php on line 54
[13-May-2025 11:39:24 Asia/Riyadh] PHP Notice:  session_start(): Ignoring session_start() because a session is already active in C:\xampp\htdocs\dashboard\book_store\ajax\add_to_cart.php on line 11
[13-May-2025 11:39:56 Asia/Riyadh] PHP Notice:  session_start(): Ignoring session_start() because a session is already active in C:\xampp\htdocs\dashboard\book_store\ajax\add_to_cart.php on line 11
[13-May-2025 11:40:27 Asia/Riyadh] PHP Notice:  session_start(): Ignoring session_start() because a session is already active in C:\xampp\htdocs\dashboard\book_store\ajax\add_to_cart.php on line 11
[13-May-2025 11:40:46 Asia/Riyadh] PHP Notice:  session_start(): Ignoring session_start() because a session is already active in C:\xampp\htdocs\dashboard\book_store\ajax\add_to_cart.php on line 11
[13-May-2025 12:07:26 Asia/Riyadh] PHP Notice:  session_start(): Ignoring session_start() because a session is already active in C:\xampp\htdocs\dashboard\book_store\ajax\add_to_cart.php on line 11
[16-May-2025 11:17:08 Asia/Riyadh] PHP Notice:  session_start(): Ignoring session_start() because a session is already active in C:\xampp\htdocs\dashboard\book_store\ajax\add_to_cart.php on line 11
[16-May-2025 11:26:34 Asia/Riyadh] PHP Deprecated:  htmlspecialchars(): Passing null to parameter #1 ($string) of type string is deprecated in C:\xampp\htdocs\dashboard\book_store\index.php on line 358
[16-May-2025 11:38:32 Asia/Riyadh] PHP Warning:  Cannot modify header information - headers already sent by (output started at C:\xampp\htdocs\dashboard\book_store\admin\header.php:145) in C:\xampp\htdocs\dashboard\book_store\admin\books.php on line 59
[16-May-2025 11:39:18 Asia/Riyadh] PHP Deprecated:  htmlspecialchars(): Passing null to parameter #1 ($string) of type string is deprecated in C:\xampp\htdocs\dashboard\book_store\index.php on line 358
[16-May-2025 11:42:26 Asia/Riyadh] PHP Deprecated:  htmlspecialchars(): Passing null to parameter #1 ($string) of type string is deprecated in C:\xampp\htdocs\dashboard\book_store\index.php on line 358
[16-May-2025 11:43:09 Asia/Riyadh] PHP Deprecated:  htmlspecialchars(): Passing null to parameter #1 ($string) of type string is deprecated in C:\xampp\htdocs\dashboard\book_store\index.php on line 358
[16-May-2025 11:43:29 Asia/Riyadh] PHP Warning:  Cannot modify header information - headers already sent by (output started at C:\xampp\htdocs\dashboard\book_store\admin\header.php:145) in C:\xampp\htdocs\dashboard\book_store\admin\books.php on line 59
[16-May-2025 11:44:30 Asia/Riyadh] PHP Notice:  session_start(): Ignoring session_start() because a session is already active in C:\xampp\htdocs\dashboard\book_store\ajax\add_to_cart.php on line 11
[16-May-2025 11:45:21 Asia/Riyadh] PHP Warning:  session_destroy(): Trying to destroy uninitialized session in C:\xampp\htdocs\dashboard\book_store\includes\auth.php on line 54
[16-May-2025 11:49:21 Asia/Riyadh] PHP Notice:  session_start(): Ignoring session_start() because a session is already active in C:\xampp\htdocs\dashboard\book_store\ajax\add_to_cart.php on line 11
[16-May-2025 11:58:16 Asia/Riyadh] PHP Notice:  session_start(): Ignoring session_start() because a session is already active in C:\xampp\htdocs\dashboard\book_store\ajax\add_to_cart.php on line 11
[16-May-2025 12:02:50 Asia/Riyadh] PHP Notice:  session_start(): Ignoring session_start() because a session is already active in C:\xampp\htdocs\dashboard\book_store\ajax\add_to_cart.php on line 11
[16-May-2025 12:04:25 Asia/Riyadh] PHP Warning:  session_destroy(): Trying to destroy uninitialized session in C:\xampp\htdocs\dashboard\book_store\includes\auth.php on line 54
[16-May-2025 12:10:42 Asia/Riyadh] PHP Notice:  session_start(): Ignoring session_start() because a session is already active in C:\xampp\htdocs\dashboard\book_store\ajax\add_to_cart.php on line 11
[16-May-2025 12:10:58 Asia/Riyadh] PHP Notice:  session_start(): Ignoring session_start() because a session is already active in C:\xampp\htdocs\dashboard\book_store\ajax\add_to_cart.php on line 11
[16-May-2025 12:11:02 Asia/Riyadh] PHP Notice:  session_start(): Ignoring session_start() because a session is already active in C:\xampp\htdocs\dashboard\book_store\ajax\add_to_cart.php on line 11
[16-May-2025 12:11:52 Asia/Riyadh] PHP Warning:  session_destroy(): Trying to destroy uninitialized session in C:\xampp\htdocs\dashboard\book_store\includes\auth.php on line 54
[16-May-2025 16:59:24 Asia/Riyadh] PHP Notice:  session_start(): Ignoring session_start() because a session is already active in C:\xampp\htdocs\dashboard\book_store\ajax\add_to_cart.php on line 11
[16-May-2025 17:05:05 Asia/Riyadh] PHP Notice:  session_start(): Ignoring session_start() because a session is already active in C:\xampp\htdocs\dashboard\book_store\ajax\add_to_cart.php on line 11
